customer_id,service_type,service_duration_minutes,arrival_time,branch,hour,day_of_week,day_name,date,month,time_period,is_peak_hour,is_monday_friday,wait_time_minutes,queue_length_on_arrival,service_start_time,service_end_time
CUST_65_20240101,General Inquiry,5,2024-01-01 08:03:00,Victoria Island,8,0,Monday,2024-01-01,1,Morning,False,True,0.0,0,2024-01-01 08:03:00,2024-01-01 08:08:00
CUST_162_20240101,Transfer,5,2024-01-01 08:06:00,Ikeja,8,0,Monday,2024-01-01,1,Morning,False,True,0.0,0,2024-01-01 08:06:00,2024-01-01 08:11:00
CUST_125_20240101,Cash Withdrawal,3,2024-01-01 08:07:00,Ikeja,8,0,Monday,2024-01-01,1,Morning,False,True,4.0,1,2024-01-01 08:11:00,2024-01-01 08:14:00
CUST_129_20240101,Account Opening,25,2024-01-01 08:08:00,Ikeja,8,0,Monday,2024-01-01,1,Morning,False,True,6.0,2,2024-01-01 08:14:00,2024-01-01 08:39:00
CUST_116_20240101,Cash Withdrawal,8,2024-01-01 08:20:00,Ikeja,8,0,Monday,2024-01-01,1,Morning,False,True,19.0,1,2024-01-01 08:39:00,2024-01-01 08:47:00
CUST_107_20240101,Transfer,6,2024-01-01 08:30:00,Victoria Island,8,0,Monday,2024-01-01,1,Morning,False,True,0.0,0,2024-01-01 08:30:00,2024-01-01 08:36:00
CUST_156_20240101,General Inquiry,2,2024-01-01 08:40:00,Ikeja,8,0,Monday,2024-01-01,1,Morning,False,True,7.0,1,2024-01-01 08:47:00,2024-01-01 08:49:00
CUST_135_20240101,Loan Application,28,2024-01-01 08:47:00,Ikeja,8,0,Monday,2024-01-01,1,Morning,False,True,2.0,1,2024-01-01 08:49:00,2024-01-01 09:17:00
CUST_147_20240101,Transfer,6,2024-01-01 08:49:00,Ikeja,8,0,Monday,2024-01-01,1,Morning,False,True,28.0,1,2024-01-01 09:17:00,2024-01-01 09:23:00
CUST_18_20240101,Account Opening,27,2024-01-01 08:49:00,Victoria Island,8,0,Monday,2024-01-01,1,Morning,False,True,0.0,0,2024-01-01 08:49:00,2024-01-01 09:16:00
CUST_138_20240101,Cash Withdrawal,2,2024-01-01 09:05:00,Ikeja,9,0,Monday,2024-01-01,1,Morning,True,True,18.0,2,2024-01-01 09:23:00,2024-01-01 09:25:00
CUST_79_20240101,Transfer,6,2024-01-01 09:06:00,Victoria Island,9,0,Monday,2024-01-01,1,Morning,True,True,10.0,1,2024-01-01 09:16:00,2024-01-01 09:22:00
CUST_127_20240101,Cash Withdrawal,8,2024-01-01 09:07:00,Ikeja,9,0,Monday,2024-01-01,1,Morning,True,True,18.0,3,2024-01-01 09:25:00,2024-01-01 09:33:00
CUST_98_20240101,General Inquiry,5,2024-01-01 09:08:00,Victoria Island,9,0,Monday,2024-01-01,1,Morning,True,True,14.0,2,2024-01-01 09:22:00,2024-01-01 09:27:00
CUST_12_20240101,General Inquiry,1,2024-01-01 09:11:00,Victoria Island,9,0,Monday,2024-01-01,1,Morning,True,True,16.0,3,2024-01-01 09:27:00,2024-01-01 09:28:00
CUST_139_20240101,Cash Withdrawal,3,2024-01-01 09:11:00,Ikeja,9,0,Monday,2024-01-01,1,Morning,True,True,22.0,4,2024-01-01 09:33:00,2024-01-01 09:36:00
CUST_149_20240101,Transfer,6,2024-01-01 09:11:00,Ikeja,9,0,Monday,2024-01-01,1,Morning,True,True,25.0,5,2024-01-01 09:36:00,2024-01-01 09:42:00
CUST_168_20240101,Transfer,10,2024-01-01 09:11:00,Ikeja,9,0,Monday,2024-01-01,1,Morning,True,True,31.0,6,2024-01-01 09:42:00,2024-01-01 09:52:00
CUST_52_20240101,General Inquiry,1,2024-01-01 09:16:00,Victoria Island,9,0,Monday,2024-01-01,1,Morning,True,True,12.0,3,2024-01-01 09:28:00,2024-01-01 09:29:00
CUST_178_20240101,Cash Withdrawal,3,2024-01-01 09:16:00,Ikeja,9,0,Monday,2024-01-01,1,Morning,True,True,36.0,7,2024-01-01 09:52:00,2024-01-01 09:55:00
CUST_28_20240101,General Inquiry,3,2024-01-01 09:19:00,Victoria Island,9,0,Monday,2024-01-01,1,Morning,True,True,10.0,4,2024-01-01 09:29:00,2024-01-01 09:32:00
CUST_141_20240101,Cash Withdrawal,7,2024-01-01 09:20:00,Ikeja,9,0,Monday,2024-01-01,1,Morning,True,True,35.0,7,2024-01-01 09:55:00,2024-01-01 10:02:00
CUST_169_20240101,Account Opening,22,2024-01-01 09:27:00,Ikeja,9,0,Monday,2024-01-01,1,Morning,True,True,35.0,6,2024-01-01 10:02:00,2024-01-01 10:24:00
CUST_6_20240101,Transfer,7,2024-01-01 09:27:00,Victoria Island,9,0,Monday,2024-01-01,1,Morning,True,True,5.0,3,2024-01-01 09:32:00,2024-01-01 09:39:00
CUST_157_20240101,Transfer,7,2024-01-01 09:31:00,Ikeja,9,0,Monday,2024-01-01,1,Morning,True,True,53.0,7,2024-01-01 10:24:00,2024-01-01 10:31:00
CUST_8_20240101,General Inquiry,4,2024-01-01 09:31:00,Victoria Island,9,0,Monday,2024-01-01,1,Morning,True,True,8.0,2,2024-01-01 09:39:00,2024-01-01 09:43:00
CUST_49_20240101,General Inquiry,2,2024-01-01 09:32:00,Victoria Island,9,0,Monday,2024-01-01,1,Morning,True,True,11.0,2,2024-01-01 09:43:00,2024-01-01 09:45:00
CUST_7_20240101,Transfer,10,2024-01-01 09:34:00,Victoria Island,9,0,Monday,2024-01-01,1,Morning,True,True,11.0,3,2024-01-01 09:45:00,2024-01-01 09:55:00
CUST_89_20240101,General Inquiry,1,2024-01-01 09:37:00,Victoria Island,9,0,Monday,2024-01-01,1,Morning,True,True,18.0,4,2024-01-01 09:55:00,2024-01-01 09:56:00
CUST_132_20240101,Transfer,6,2024-01-01 09:40:00,Ikeja,9,0,Monday,2024-01-01,1,Morning,True,True,51.0,6,2024-01-01 10:31:00,2024-01-01 10:37:00
CUST_108_20240101,Account Opening,31,2024-01-01 09:41:00,Victoria Island,9,0,Monday,2024-01-01,1,Morning,True,True,15.0,4,2024-01-01 09:56:00,2024-01-01 10:27:00
CUST_71_20240101,Cash Withdrawal,2,2024-01-01 09:41:00,Victoria Island,9,0,Monday,2024-01-01,1,Morning,True,True,46.0,5,2024-01-01 10:27:00,2024-01-01 10:29:00
CUST_61_20240101,Transfer,9,2024-01-01 09:41:00,Victoria Island,9,0,Monday,2024-01-01,1,Morning,True,True,48.0,6,2024-01-01 10:29:00,2024-01-01 10:38:00
CUST_20_20240101,Cash Withdrawal,8,2024-01-01 09:42:00,Victoria Island,9,0,Monday,2024-01-01,1,Morning,True,True,56.0,7,2024-01-01 10:38:00,2024-01-01 10:46:00
CUST_124_20240101,Transfer,8,2024-01-01 09:48:00,Ikeja,9,0,Monday,2024-01-01,1,Morning,True,True,49.0,6,2024-01-01 10:37:00,2024-01-01 10:45:00
CUST_85_20240101,Cash Withdrawal,6,2024-01-01 09:49:00,Victoria Island,9,0,Monday,2024-01-01,1,Morning,True,True,57.0,6,2024-01-01 10:46:00,2024-01-01 10:52:00
CUST_112_20240101,Cash Withdrawal,5,2024-01-01 09:50:00,Victoria Island,9,0,Monday,2024-01-01,1,Morning,True,True,62.0,7,2024-01-01 10:52:00,2024-01-01 10:57:00
CUST_111_20240101,Account Opening,20,2024-01-01 09:53:00,Victoria Island,9,0,Monday,2024-01-01,1,Morning,True,True,64.0,8,2024-01-01 10:57:00,2024-01-01 11:17:00
CUST_51_20240101,Cash Withdrawal,6,2024-01-01 09:54:00,Victoria Island,9,0,Monday,2024-01-01,1,Morning,True,True,83.0,9,2024-01-01 11:17:00,2024-01-01 11:23:00
CUST_182_20240101,Transfer,7,2024-01-01 09:55:00,Ikeja,9,0,Monday,2024-01-01,1,Morning,True,True,50.0,5,2024-01-01 10:45:00,2024-01-01 10:52:00
CUST_76_20240101,Transfer,10,2024-01-01 09:56:00,Victoria Island,9,0,Monday,2024-01-01,1,Morning,True,True,87.0,8,2024-01-01 11:23:00,2024-01-01 11:33:00
CUST_171_20240101,Transfer,10,2024-01-01 09:58:00,Ikeja,9,0,Monday,2024-01-01,1,Morning,True,True,54.0,6,2024-01-01 10:52:00,2024-01-01 11:02:00
CUST_118_20240101,Transfer,5,2024-01-01 10:01:00,Ikeja,10,0,Monday,2024-01-01,1,Morning,True,True,61.0,7,2024-01-01 11:02:00,2024-01-01 11:07:00
CUST_170_20240101,Transfer,10,2024-01-01 10:03:00,Ikeja,10,0,Monday,2024-01-01,1,Morning,True,True,64.0,7,2024-01-01 11:07:00,2024-01-01 11:17:00
CUST_38_20240101,Cash Withdrawal,4,2024-01-01 10:04:00,Victoria Island,10,0,Monday,2024-01-01,1,Morning,True,True,89.0,9,2024-01-01 11:33:00,2024-01-01 11:37:00
CUST_22_20240101,Cash Withdrawal,2,2024-01-01 10:04:00,Victoria Island,10,0,Monday,2024-01-01,1,Morning,True,True,93.0,10,2024-01-01 11:37:00,2024-01-01 11:39:00
CUST_166_20240101,Cash Withdrawal,2,2024-01-01 10:08:00,Ikeja,10,0,Monday,2024-01-01,1,Morning,True,True,69.0,8,2024-01-01 11:17:00,2024-01-01 11:19:00
CUST_176_20240101,Transfer,7,2024-01-01 10:10:00,Ikeja,10,0,Monday,2024-01-01,1,Morning,True,True,69.0,9,2024-01-01 11:19:00,2024-01-01 11:26:00
CUST_59_20240101,Account Opening,25,2024-01-01 10:10:00,Victoria Island,10,0,Monday,2024-01-01,1,Morning,True,True,89.0,11,2024-01-01 11:39:00,2024-01-01 12:04:00
CUST_50_20240101,Cash Withdrawal,2,2024-01-01 10:11:00,Victoria Island,10,0,Monday,2024-01-01,1,Morning,True,True,113.0,12,2024-01-01 12:04:00,2024-01-01 12:06:00
CUST_68_20240101,Transfer,7,2024-01-01 10:13:00,Victoria Island,10,0,Monday,2024-01-01,1,Morning,True,True,113.0,13,2024-01-01 12:06:00,2024-01-01 12:13:00
CUST_34_20240101,Transfer,8,2024-01-01 10:15:00,Victoria Island,10,0,Monday,2024-01-01,1,Morning,True,True,118.0,14,2024-01-01 12:13:00,2024-01-01 12:21:00
CUST_62_20240101,Transfer,6,2024-01-01 10:17:00,Victoria Island,10,0,Monday,2024-01-01,1,Morning,True,True,124.0,15,2024-01-01 12:21:00,2024-01-01 12:27:00
CUST_25_20240101,General Inquiry,5,2024-01-01 10:20:00,Victoria Island,10,0,Monday,2024-01-01,1,Morning,True,True,127.0,16,2024-01-01 12:27:00,2024-01-01 12:32:00
CUST_105_20240101,Account Opening,27,2024-01-01 10:21:00,Victoria Island,10,0,Monday,2024-01-01,1,Morning,True,True,131.0,17,2024-01-01 12:32:00,2024-01-01 12:59:00
CUST_19_20240101,Account Opening,17,2024-01-01 10:29:00,Victoria Island,10,0,Monday,2024-01-01,1,Morning,True,True,150.0,16,2024-01-01 12:59:00,2024-01-01 13:16:00
CUST_17_20240101,Account Opening,21,2024-01-01 10:29:00,Victoria Island,10,0,Monday,2024-01-01,1,Morning,True,True,167.0,17,2024-01-01 13:16:00,2024-01-01 13:37:00
CUST_40_20240101,Transfer,7,2024-01-01 10:29:00,Victoria Island,10,0,Monday,2024-01-01,1,Morning,True,True,188.0,18,2024-01-01 13:37:00,2024-01-01 13:44:00
CUST_140_20240101,Account Opening,42,2024-01-01 10:30:00,Ikeja,10,0,Monday,2024-01-01,1,Morning,True,True,56.0,9,2024-01-01 11:26:00,2024-01-01 12:08:00
CUST_84_20240101,Account Opening,35,2024-01-01 10:38:00,Victoria Island,10,0,Monday,2024-01-01,1,Morning,True,True,186.0,18,2024-01-01 13:44:00,2024-01-01 14:19:00
CUST_16_20240101,Transfer,4,2024-01-01 10:42:00,Victoria Island,10,0,Monday,2024-01-01,1,Morning,True,True,217.0,19,2024-01-01 14:19:00,2024-01-01 14:23:00
CUST_41_20240101,Transfer,4,2024-01-01 10:42:00,Victoria Island,10,0,Monday,2024-01-01,1,Morning,True,True,221.0,20,2024-01-01 14:23:00,2024-01-01 14:27:00
CUST_55_20240101,Account Opening,30,2024-01-01 10:42:00,Victoria Island,10,0,Monday,2024-01-01,1,Morning,True,True,225.0,21,2024-01-01 14:27:00,2024-01-01 14:57:00
CUST_100_20240101,Cash Withdrawal,7,2024-01-01 10:42:00,Victoria Island,10,0,Monday,2024-01-01,1,Morning,True,True,255.0,22,2024-01-01 14:57:00,2024-01-01 15:04:00
CUST_164_20240101,Transfer,4,2024-01-01 10:42:00,Ikeja,10,0,Monday,2024-01-01,1,Morning,True,True,86.0,8,2024-01-01 12:08:00,2024-01-01 12:12:00
CUST_46_20240101,Transfer,10,2024-01-01 10:44:00,Victoria Island,10,0,Monday,2024-01-01,1,Morning,True,True,260.0,23,2024-01-01 15:04:00,2024-01-01 15:14:00
CUST_128_20240101,Cash Withdrawal,7,2024-01-01 10:48:00,Ikeja,10,0,Monday,2024-01-01,1,Morning,True,True,84.0,8,2024-01-01 12:12:00,2024-01-01 12:19:00
CUST_177_20240101,Transfer,3,2024-01-01 10:50:00,Ikeja,10,0,Monday,2024-01-01,1,Morning,True,True,89.0,9,2024-01-01 12:19:00,2024-01-01 12:22:00
CUST_23_20240101,Cash Withdrawal,6,2024-01-01 10:54:00,Victoria Island,10,0,Monday,2024-01-01,1,Morning,True,True,260.0,22,2024-01-01 15:14:00,2024-01-01 15:20:00
CUST_74_20240101,Cash Withdrawal,3,2024-01-01 10:55:00,Victoria Island,10,0,Monday,2024-01-01,1,Morning,True,True,265.0,23,2024-01-01 15:20:00,2024-01-01 15:23:00
CUST_104_20240101,Cash Withdrawal,4,2024-01-01 10:57:00,Victoria Island,10,0,Monday,2024-01-01,1,Morning,True,True,266.0,23,2024-01-01 15:23:00,2024-01-01 15:27:00
CUST_99_20240101,General Inquiry,3,2024-01-01 11:07:00,Victoria Island,11,0,Monday,2024-01-01,1,Morning,True,True,260.0,24,2024-01-01 15:27:00,2024-01-01 15:30:00
CUST_29_20240101,Cash Withdrawal,5,2024-01-01 11:07:00,Victoria Island,11,0,Monday,2024-01-01,1,Morning,True,True,263.0,25,2024-01-01 15:30:00,2024-01-01 15:35:00
CUST_145_20240101,Transfer,9,2024-01-01 11:08:00,Ikeja,11,0,Monday,2024-01-01,1,Morning,True,True,74.0,7,2024-01-01 12:22:00,2024-01-01 12:31:00
CUST_77_20240101,General Inquiry,1,2024-01-01 11:10:00,Victoria Island,11,0,Monday,2024-01-01,1,Morning,True,True,265.0,26,2024-01-01 15:35:00,2024-01-01 15:36:00
CUST_137_20240101,Transfer,9,2024-01-01 11:12:00,Ikeja,11,0,Monday,2024-01-01,1,Morning,True,True,79.0,8,2024-01-01 12:31:00,2024-01-01 12:40:00
CUST_64_20240101,Transfer,7,2024-01-01 11:18:00,Victoria Island,11,0,Monday,2024-01-01,1,Morning,True,True,258.0,26,2024-01-01 15:36:00,2024-01-01 15:43:00
CUST_1_20240101,Transfer,5,2024-01-01 11:20:00,Victoria Island,11,0,Monday,2024-01-01,1,Morning,True,True,263.0,27,2024-01-01 15:43:00,2024-01-01 15:48:00
CUST_181_20240101,Loan Application,52,2024-01-01 11:28:00,Ikeja,11,0,Monday,2024-01-01,1,Morning,True,True,72.0,6,2024-01-01 12:40:00,2024-01-01 13:32:00
CUST_75_20240101,Account Opening,20,2024-01-01 11:35:00,Victoria Island,11,0,Monday,2024-01-01,1,Morning,True,True,253.0,26,2024-01-01 15:48:00,2024-01-01 16:08:00
CUST_80_20240101,General Inquiry,3,2024-01-01 11:35:00,Victoria Island,11,0,Monday,2024-01-01,1,Morning,True,True,273.0,27,2024-01-01 16:08:00,2024-01-01 16:11:00
CUST_115_20240101,Cash Withdrawal,6,2024-01-01 11:35:00,Victoria Island,11,0,Monday,2024-01-01,1,Morning,True,True,276.0,28,2024-01-01 16:11:00,2024-01-01 16:17:00
CUST_180_20240101,General Inquiry,5,2024-01-01 11:37:00,Ikeja,11,0,Monday,2024-01-01,1,Morning,True,True,115.0,7,2024-01-01 13:32:00,2024-01-01 13:37:00
CUST_4_20240101,General Inquiry,1,2024-01-01 11:39:00,Victoria Island,11,0,Monday,2024-01-01,1,Morning,True,True,278.0,27,2024-01-01 16:17:00,2024-01-01 16:18:00
CUST_81_20240101,Account Opening,15,2024-01-01 11:40:00,Victoria Island,11,0,Monday,2024-01-01,1,Morning,True,True,278.0,28,2024-01-01 16:18:00,2024-01-01 16:33:00
CUST_53_20240101,Transfer,7,2024-01-01 11:40:00,Victoria Island,11,0,Monday,2024-01-01,1,Morning,True,True,293.0,29,2024-01-01 16:33:00,2024-01-01 16:40:00
CUST_123_20240101,Cash Withdrawal,7,2024-01-01 11:41:00,Ikeja,11,0,Monday,2024-01-01,1,Morning,True,True,116.0,8,2024-01-01 13:37:00,2024-01-01 13:44:00
CUST_11_20240101,Cash Withdrawal,3,2024-01-01 11:47:00,Victoria Island,11,0,Monday,2024-01-01,1,Morning,True,True,293.0,30,2024-01-01 16:40:00,2024-01-01 16:43:00
CUST_90_20240101,Cash Withdrawal,8,2024-01-01 11:47:00,Victoria Island,11,0,Monday,2024-01-01,1,Morning,True,True,296.0,31,2024-01-01 16:43:00,2024-01-01 16:51:00
CUST_37_20240101,Transfer,5,2024-01-01 11:48:00,Victoria Island,11,0,Monday,2024-01-01,1,Morning,True,True,303.0,32,2024-01-01 16:51:00,2024-01-01 16:56:00
CUST_184_20240101,Cash Withdrawal,7,2024-01-01 11:48:00,Ikeja,11,0,Monday,2024-01-01,1,Morning,True,True,116.0,9,2024-01-01 13:44:00,2024-01-01 13:51:00
CUST_130_20240101,Cash Withdrawal,3,2024-01-01 11:48:00,Ikeja,11,0,Monday,2024-01-01,1,Morning,True,True,123.0,10,2024-01-01 13:51:00,2024-01-01 13:54:00
CUST_66_20240101,Transfer,7,2024-01-01 11:49:00,Victoria Island,11,0,Monday,2024-01-01,1,Morning,True,True,307.0,33,2024-01-01 16:56:00,2024-01-01 17:03:00
CUST_121_20240101,Account Opening,36,2024-01-01 11:49:00,Ikeja,11,0,Monday,2024-01-01,1,Morning,True,True,125.0,11,2024-01-01 13:54:00,2024-01-01 14:30:00
CUST_122_20240101,Account Opening,23,2024-01-01 11:50:00,Ikeja,11,0,Monday,2024-01-01,1,Morning,True,True,160.0,12,2024-01-01 14:30:00,2024-01-01 14:53:00
CUST_183_20240101,Loan Application,52,2024-01-01 11:54:00,Ikeja,11,0,Monday,2024-01-01,1,Morning,True,True,179.0,13,2024-01-01 14:53:00,2024-01-01 15:45:00
CUST_113_20240101,Account Opening,35,2024-01-01 11:54:00,Victoria Island,11,0,Monday,2024-01-01,1,Morning,True,True,309.0,34,2024-01-01 17:03:00,2024-01-01 17:38:00
CUST_109_20240101,Transfer,4,2024-01-01 11:54:00,Victoria Island,11,0,Monday,2024-01-01,1,Morning,True,True,344.0,35,2024-01-01 17:38:00,2024-01-01 17:42:00
CUST_2_20240101,Cash Withdrawal,7,2024-01-01 11:55:00,Victoria Island,11,0,Monday,2024-01-01,1,Morning,True,True,347.0,36,2024-01-01 17:42:00,2024-01-01 17:49:00
CUST_153_20240101,Account Opening,19,2024-01-01 11:56:00,Ikeja,11,0,Monday,2024-01-01,1,Morning,True,True,229.0,14,2024-01-01 15:45:00,2024-01-01 16:04:00
CUST_26_20240101,Cash Withdrawal,8,2024-01-01 11:59:00,Victoria Island,11,0,Monday,2024-01-01,1,Morning,True,True,350.0,37,2024-01-01 17:49:00,2024-01-01 17:57:00
CUST_73_20240101,Cash Withdrawal,8,2024-01-01 11:59:00,Victoria Island,11,0,Monday,2024-01-01,1,Morning,True,True,358.0,38,2024-01-01 17:57:00,2024-01-01 18:05:00
CUST_5_20240101,Cash Withdrawal,6,2024-01-01 12:01:00,Victoria Island,12,0,Monday,2024-01-01,1,Afternoon,False,True,364.0,39,2024-01-01 18:05:00,2024-01-01 18:11:00
CUST_133_20240101,Cash Withdrawal,7,2024-01-01 12:01:00,Ikeja,12,0,Monday,2024-01-01,1,Afternoon,False,True,243.0,15,2024-01-01 16:04:00,2024-01-01 16:11:00
CUST_175_20240101,General Inquiry,3,2024-01-01 12:02:00,Ikeja,12,0,Monday,2024-01-01,1,Afternoon,False,True,249.0,16,2024-01-01 16:11:00,2024-01-01 16:14:00
CUST_96_20240101,Cash Withdrawal,4,2024-01-01 12:04:00,Victoria Island,12,0,Monday,2024-01-01,1,Afternoon,False,True,367.0,39,2024-01-01 18:11:00,2024-01-01 18:15:00
CUST_126_20240101,Cash Withdrawal,7,2024-01-01 12:06:00,Ikeja,12,0,Monday,2024-01-01,1,Afternoon,False,True,248.0,17,2024-01-01 16:14:00,2024-01-01 16:21:00
CUST_48_20240101,Account Opening,30,2024-01-01 12:07:00,Victoria Island,12,0,Monday,2024-01-01,1,Afternoon,False,True,368.0,39,2024-01-01 18:15:00,2024-01-01 18:45:00
CUST_43_20240101,Cash Withdrawal,7,2024-01-01 12:12:00,Victoria Island,12,0,Monday,2024-01-01,1,Afternoon,False,True,393.0,40,2024-01-01 18:45:00,2024-01-01 18:52:00
CUST_172_20240101,Cash Withdrawal,3,2024-01-01 12:13:00,Ikeja,12,0,Monday,2024-01-01,1,Afternoon,False,True,248.0,16,2024-01-01 16:21:00,2024-01-01 16:24:00
CUST_155_20240101,Cash Withdrawal,4,2024-01-01 12:13:00,Ikeja,12,0,Monday,2024-01-01,1,Afternoon,False,True,251.0,17,2024-01-01 16:24:00,2024-01-01 16:28:00
CUST_30_20240101,General Inquiry,3,2024-01-01 12:15:00,Victoria Island,12,0,Monday,2024-01-01,1,Afternoon,False,True,397.0,40,2024-01-01 18:52:00,2024-01-01 18:55:00
CUST_87_20240101,Cash Withdrawal,5,2024-01-01 12:16:00,Victoria Island,12,0,Monday,2024-01-01,1,Afternoon,False,True,399.0,41,2024-01-01 18:55:00,2024-01-01 19:00:00
CUST_86_20240101,Cash Withdrawal,8,2024-01-01 12:22:00,Victoria Island,12,0,Monday,2024-01-01,1,Afternoon,False,True,398.0,41,2024-01-01 19:00:00,2024-01-01 19:08:00
CUST_120_20240101,Account Opening,37,2024-01-01 12:25:00,Ikeja,12,0,Monday,2024-01-01,1,Afternoon,False,True,243.0,16,2024-01-01 16:28:00,2024-01-01 17:05:00
CUST_119_20240101,Transfer,3,2024-01-01 12:33:00,Ikeja,12,0,Monday,2024-01-01,1,Afternoon,False,True,272.0,16,2024-01-01 17:05:00,2024-01-01 17:08:00
CUST_44_20240101,Transfer,7,2024-01-01 12:35:00,Victoria Island,12,0,Monday,2024-01-01,1,Afternoon,False,True,393.0,40,2024-01-01 19:08:00,2024-01-01 19:15:00
CUST_101_20240101,Transfer,9,2024-01-01 12:42:00,Victoria Island,12,0,Monday,2024-01-01,1,Afternoon,False,True,393.0,41,2024-01-01 19:15:00,2024-01-01 19:24:00
CUST_142_20240101,Transfer,9,2024-01-01 12:49:00,Ikeja,12,0,Monday,2024-01-01,1,Afternoon,False,True,259.0,16,2024-01-01 17:08:00,2024-01-01 17:17:00
CUST_95_20240101,Account Opening,26,2024-01-01 12:56:00,Victoria Island,12,0,Monday,2024-01-01,1,Afternoon,False,True,388.0,42,2024-01-01 19:24:00,2024-01-01 19:50:00
CUST_136_20240101,General Inquiry,4,2024-01-01 12:58:00,Ikeja,12,0,Monday,2024-01-01,1,Afternoon,False,True,259.0,17,2024-01-01 17:17:00,2024-01-01 17:21:00
CUST_47_20240101,General Inquiry,2,2024-01-01 13:00:00,Victoria Island,13,0,Monday,2024-01-01,1,Afternoon,True,True,410.0,42,2024-01-01 19:50:00,2024-01-01 19:52:00
CUST_83_20240101,Account Opening,19,2024-01-01 13:06:00,Victoria Island,13,0,Monday,2024-01-01,1,Afternoon,True,True,406.0,43,2024-01-01 19:52:00,2024-01-01 20:11:00
CUST_67_20240101,Transfer,3,2024-01-01 13:11:00,Victoria Island,13,0,Monday,2024-01-01,1,Afternoon,True,True,420.0,44,2024-01-01 20:11:00,2024-01-01 20:14:00
CUST_78_20240101,Account Opening,22,2024-01-01 13:11:00,Victoria Island,13,0,Monday,2024-01-01,1,Afternoon,True,True,423.0,45,2024-01-01 20:14:00,2024-01-01 20:36:00
CUST_57_20240101,Cash Withdrawal,5,2024-01-01 13:15:00,Victoria Island,13,0,Monday,2024-01-01,1,Afternoon,True,True,441.0,46,2024-01-01 20:36:00,2024-01-01 20:41:00
CUST_14_20240101,Loan Application,32,2024-01-01 13:18:00,Victoria Island,13,0,Monday,2024-01-01,1,Afternoon,True,True,443.0,46,2024-01-01 20:41:00,2024-01-01 21:13:00
CUST_179_20240101,Transfer,10,2024-01-01 13:19:00,Ikeja,13,0,Monday,2024-01-01,1,Afternoon,True,True,242.0,18,2024-01-01 17:21:00,2024-01-01 17:31:00
CUST_39_20240101,Loan Application,41,2024-01-01 13:20:00,Victoria Island,13,0,Monday,2024-01-01,1,Afternoon,True,True,473.0,47,2024-01-01 21:13:00,2024-01-01 21:54:00
CUST_150_20240101,Cash Withdrawal,4,2024-01-01 13:22:00,Ikeja,13,0,Monday,2024-01-01,1,Afternoon,True,True,249.0,19,2024-01-01 17:31:00,2024-01-01 17:35:00
CUST_32_20240101,General Inquiry,4,2024-01-01 13:22:00,Victoria Island,13,0,Monday,2024-01-01,1,Afternoon,True,True,512.0,48,2024-01-01 21:54:00,2024-01-01 21:58:00
CUST_42_20240101,Cash Withdrawal,7,2024-01-01 13:23:00,Victoria Island,13,0,Monday,2024-01-01,1,Afternoon,True,True,515.0,49,2024-01-01 21:58:00,2024-01-01 22:05:00
CUST_92_20240101,Cash Withdrawal,8,2024-01-01 13:24:00,Victoria Island,13,0,Monday,2024-01-01,1,Afternoon,True,True,521.0,50,2024-01-01 22:05:00,2024-01-01 22:13:00
CUST_72_20240101,Loan Application,47,2024-01-01 13:29:00,Victoria Island,13,0,Monday,2024-01-01,1,Afternoon,True,True,524.0,51,2024-01-01 22:13:00,2024-01-01 23:00:00
CUST_91_20240101,Account Opening,45,2024-01-01 13:31:00,Victoria Island,13,0,Monday,2024-01-01,1,Afternoon,True,True,569.0,52,2024-01-01 23:00:00,2024-01-01 23:45:00
CUST_161_20240101,Transfer,8,2024-01-01 13:31:00,Ikeja,13,0,Monday,2024-01-01,1,Afternoon,True,True,244.0,20,2024-01-01 17:35:00,2024-01-01 17:43:00
CUST_117_20240101,Account Opening,25,2024-01-01 13:31:00,Ikeja,13,0,Monday,2024-01-01,1,Afternoon,True,True,252.0,21,2024-01-01 17:43:00,2024-01-01 18:08:00
CUST_31_20240101,Cash Withdrawal,3,2024-01-01 13:32:00,Victoria Island,13,0,Monday,2024-01-01,1,Afternoon,True,True,613.0,53,2024-01-01 23:45:00,2024-01-01 23:48:00
CUST_56_20240101,Transfer,3,2024-01-01 13:33:00,Victoria Island,13,0,Monday,2024-01-01,1,Afternoon,True,True,615.0,54,2024-01-01 23:48:00,2024-01-01 23:51:00
CUST_58_20240101,Cash Withdrawal,4,2024-01-01 13:34:00,Victoria Island,13,0,Monday,2024-01-01,1,Afternoon,True,True,617.0,55,2024-01-01 23:51:00,2024-01-01 23:55:00
CUST_148_20240101,Transfer,9,2024-01-01 13:34:00,Ikeja,13,0,Monday,2024-01-01,1,Afternoon,True,True,274.0,21,2024-01-01 18:08:00,2024-01-01 18:17:00
CUST_163_20240101,General Inquiry,5,2024-01-01 13:38:00,Ikeja,13,0,Monday,2024-01-01,1,Afternoon,True,True,279.0,21,2024-01-01 18:17:00,2024-01-01 18:22:00
CUST_24_20240101,Account Opening,34,2024-01-01 13:40:00,Victoria Island,13,0,Monday,2024-01-01,1,Afternoon,True,True,615.0,55,2024-01-01 23:55:00,2024-01-02 00:29:00
CUST_54_20240101,Transfer,7,2024-01-01 13:45:00,Victoria Island,13,0,Monday,2024-01-01,1,Afternoon,True,True,644.0,55,2024-01-02 00:29:00,2024-01-02 00:36:00
CUST_60_20240101,Transfer,7,2024-01-01 13:46:00,Victoria Island,13,0,Monday,2024-01-01,1,Afternoon,True,True,650.0,56,2024-01-02 00:36:00,2024-01-02 00:43:00
CUST_45_20240101,General Inquiry,3,2024-01-01 13:47:00,Victoria Island,13,0,Monday,2024-01-01,1,Afternoon,True,True,656.0,57,2024-01-02 00:43:00,2024-01-02 00:46:00
CUST_94_20240101,General Inquiry,5,2024-01-01 13:48:00,Victoria Island,13,0,Monday,2024-01-01,1,Afternoon,True,True,658.0,58,2024-01-02 00:46:00,2024-01-02 00:51:00
CUST_10_20240101,Cash Withdrawal,7,2024-01-01 13:50:00,Victoria Island,13,0,Monday,2024-01-01,1,Afternoon,True,True,661.0,59,2024-01-02 00:51:00,2024-01-02 00:58:00
CUST_114_20240101,General Inquiry,1,2024-01-01 13:55:00,Victoria Island,13,0,Monday,2024-01-01,1,Afternoon,True,True,663.0,60,2024-01-02 00:58:00,2024-01-02 00:59:00
CUST_143_20240101,Transfer,7,2024-01-01 13:55:00,Ikeja,13,0,Monday,2024-01-01,1,Afternoon,True,True,267.0,19,2024-01-01 18:22:00,2024-01-01 18:29:00
CUST_63_20240101,Cash Withdrawal,6,2024-01-01 13:57:00,Victoria Island,13,0,Monday,2024-01-01,1,Afternoon,True,True,662.0,61,2024-01-02 00:59:00,2024-01-02 01:05:00
CUST_13_20240101,Cash Withdrawal,5,2024-01-01 13:58:00,Victoria Island,13,0,Monday,2024-01-01,1,Afternoon,True,True,667.0,62,2024-01-02 01:05:00,2024-01-02 01:10:00
CUST_82_20240101,Transfer,7,2024-01-01 14:04:00,Victoria Island,14,0,Monday,2024-01-01,1,Afternoon,True,True,666.0,63,2024-01-02 01:10:00,2024-01-02 01:17:00
CUST_144_20240101,General Inquiry,5,2024-01-01 14:05:00,Ikeja,14,0,Monday,2024-01-01,1,Afternoon,True,True,264.0,20,2024-01-01 18:29:00,2024-01-01 18:34:00
CUST_167_20240101,Cash Withdrawal,5,2024-01-01 14:21:00,Ikeja,14,0,Monday,2024-01-01,1,Afternoon,True,True,253.0,21,2024-01-01 18:34:00,2024-01-01 18:39:00
CUST_15_20240101,Account Opening,38,2024-01-01 14:23:00,Victoria Island,14,0,Monday,2024-01-01,1,Afternoon,True,True,654.0,62,2024-01-02 01:17:00,2024-01-02 01:55:00
CUST_106_20240101,General Inquiry,3,2024-01-01 14:26:00,Victoria Island,14,0,Monday,2024-01-01,1,Afternoon,True,True,689.0,63,2024-01-02 01:55:00,2024-01-02 01:58:00
CUST_35_20240101,Transfer,10,2024-01-01 14:26:00,Victoria Island,14,0,Monday,2024-01-01,1,Afternoon,True,True,692.0,64,2024-01-02 01:58:00,2024-01-02 02:08:00
CUST_88_20240101,Transfer,6,2024-01-01 14:28:00,Victoria Island,14,0,Monday,2024-01-01,1,Afternoon,True,True,700.0,64,2024-01-02 02:08:00,2024-01-02 02:14:00
CUST_70_20240101,General Inquiry,5,2024-01-01 14:33:00,Victoria Island,14,0,Monday,2024-01-01,1,Afternoon,True,True,701.0,65,2024-01-02 02:14:00,2024-01-02 02:19:00
CUST_154_20240101,Cash Withdrawal,7,2024-01-01 14:35:00,Ikeja,14,0,Monday,2024-01-01,1,Afternoon,True,True,244.0,21,2024-01-01 18:39:00,2024-01-01 18:46:00
CUST_134_20240101,Cash Withdrawal,5,2024-01-01 14:36:00,Ikeja,14,0,Monday,2024-01-01,1,Afternoon,True,True,250.0,22,2024-01-01 18:46:00,2024-01-01 18:51:00
CUST_159_20240101,Transfer,4,2024-01-01 14:39:00,Ikeja,14,0,Monday,2024-01-01,1,Afternoon,True,True,252.0,23,2024-01-01 18:51:00,2024-01-01 18:55:00
CUST_97_20240101,Cash Withdrawal,7,2024-01-01 14:41:00,Victoria Island,14,0,Monday,2024-01-01,1,Afternoon,True,True,698.0,66,2024-01-02 02:19:00,2024-01-02 02:26:00
CUST_9_20240101,Transfer,6,2024-01-01 14:44:00,Victoria Island,14,0,Monday,2024-01-01,1,Afternoon,True,True,702.0,67,2024-01-02 02:26:00,2024-01-02 02:32:00
CUST_152_20240101,Cash Withdrawal,5,2024-01-01 14:45:00,Ikeja,14,0,Monday,2024-01-01,1,Afternoon,True,True,250.0,24,2024-01-01 18:55:00,2024-01-01 19:00:00
CUST_36_20240101,Transfer,9,2024-01-01 14:52:00,Victoria Island,14,0,Monday,2024-01-01,1,Afternoon,True,True,700.0,68,2024-01-02 02:32:00,2024-01-02 02:41:00
CUST_158_20240101,Transfer,7,2024-01-01 14:56:00,Ikeja,14,0,Monday,2024-01-01,1,Afternoon,True,True,244.0,24,2024-01-01 19:00:00,2024-01-01 19:07:00
CUST_21_20240101,Account Opening,35,2024-01-01 14:56:00,Victoria Island,14,0,Monday,2024-01-01,1,Afternoon,True,True,705.0,69,2024-01-02 02:41:00,2024-01-02 03:16:00
CUST_160_20240101,Cash Withdrawal,3,2024-01-01 14:58:00,Ikeja,14,0,Monday,2024-01-01,1,Afternoon,True,True,249.0,25,2024-01-01 19:07:00,2024-01-01 19:10:00
CUST_3_20240101,Account Opening,39,2024-01-01 15:01:00,Victoria Island,15,0,Monday,2024-01-01,1,Afternoon,True,True,735.0,69,2024-01-02 03:16:00,2024-01-02 03:55:00
CUST_27_20240101,Cash Withdrawal,5,2024-01-01 15:02:00,Victoria Island,15,0,Monday,2024-01-01,1,Afternoon,True,True,773.0,70,2024-01-02 03:55:00,2024-01-02 04:00:00
CUST_33_20240101,Cash Withdrawal,5,2024-01-01 15:04:00,Victoria Island,15,0,Monday,2024-01-01,1,Afternoon,True,True,776.0,70,2024-01-02 04:00:00,2024-01-02 04:05:00
CUST_69_20240101,General Inquiry,2,2024-01-01 15:05:00,Victoria Island,15,0,Monday,2024-01-01,1,Afternoon,True,True,780.0,71,2024-01-02 04:05:00,2024-01-02 04:07:00
CUST_151_20240101,Cash Withdrawal,7,2024-01-01 15:16:00,Ikeja,15,0,Monday,2024-01-01,1,Afternoon,True,True,234.0,26,2024-01-01 19:10:00,2024-01-01 19:17:00
CUST_93_20240101,Transfer,3,2024-01-01 15:30:00,Victoria Island,15,0,Monday,2024-01-01,1,Afternoon,True,True,757.0,67,2024-01-02 04:07:00,2024-01-02 04:10:00
CUST_103_20240101,Loan Application,30,2024-01-01 15:39:00,Victoria Island,15,0,Monday,2024-01-01,1,Afternoon,True,True,751.0,66,2024-01-02 04:10:00,2024-01-02 04:40:00
CUST_174_20240101,General Inquiry,1,2024-01-01 15:40:00,Ikeja,15,0,Monday,2024-01-01,1,Afternoon,True,True,217.0,27,2024-01-01 19:17:00,2024-01-01 19:18:00
CUST_131_20240101,Transfer,5,2024-01-01 15:41:00,Ikeja,15,0,Monday,2024-01-01,1,Afternoon,True,True,217.0,28,2024-01-01 19:18:00,2024-01-01 19:23:00
CUST_146_20240101,Transfer,10,2024-01-01 15:45:00,Ikeja,15,0,Monday,2024-01-01,1,Afternoon,True,True,218.0,28,2024-01-01 19:23:00,2024-01-01 19:33:00
CUST_165_20240101,Transfer,7,2024-01-01 15:46:00,Ikeja,15,0,Monday,2024-01-01,1,Afternoon,True,True,227.0,29,2024-01-01 19:33:00,2024-01-01 19:40:00
CUST_102_20240101,Account Opening,23,2024-01-01 15:52:00,Victoria Island,15,0,Monday,2024-01-01,1,Afternoon,True,True,768.0,65,2024-01-02 04:40:00,2024-01-02 05:03:00
CUST_110_20240101,Cash Withdrawal,8,2024-01-01 15:53:00,Victoria Island,15,0,Monday,2024-01-01,1,Afternoon,True,True,790.0,66,2024-01-02 05:03:00,2024-01-02 05:11:00
CUST_173_20240101,Cash Withdrawal,7,2024-01-01 15:54:00,Ikeja,15,0,Monday,2024-01-01,1,Afternoon,True,True,226.0,30,2024-01-01 19:40:00,2024-01-01 19:47:00
CUST_74_20240102,Account Opening,35,2024-01-02 08:01:00,Victoria Island,8,1,Tuesday,2024-01-02,1,Morning,False,False,0.0,0,2024-01-02 08:01:00,2024-01-02 08:36:00
CUST_16_20240102,Cash Withdrawal,2,2024-01-02 08:09:00,Victoria Island,8,1,Tuesday,2024-01-02,1,Morning,False,False,27.0,1,2024-01-02 08:36:00,2024-01-02 08:38:00
CUST_92_20240102,Cash Withdrawal,7,2024-01-02 08:29:00,Victoria Island,8,1,Tuesday,2024-01-02,1,Morning,False,False,9.0,2,2024-01-02 08:38:00,2024-01-02 08:45:00
CUST_78_20240102,Transfer,6,2024-01-02 08:37:00,Victoria Island,8,1,Tuesday,2024-01-02,1,Morning,False,False,8.0,2,2024-01-02 08:45:00,2024-01-02 08:51:00
CUST_93_20240102,Cash Withdrawal,2,2024-01-02 08:51:00,Victoria Island,8,1,Tuesday,2024-01-02,1,Morning,False,False,0.0,0,2024-01-02 08:51:00,2024-01-02 08:53:00
CUST_49_20240102,Cash Withdrawal,4,2024-01-02 08:56:00,Victoria Island,8,1,Tuesday,2024-01-02,1,Morning,False,False,0.0,0,2024-01-02 08:56:00,2024-01-02 09:00:00
CUST_38_20240102,Cash Withdrawal,5,2024-01-02 09:01:00,Victoria Island,9,1,Tuesday,2024-01-02,1,Morning,True,False,0.0,0,2024-01-02 09:01:00,2024-01-02 09:06:00
CUST_121_20240102,Cash Withdrawal,8,2024-01-02 09:02:00,Ikeja,9,1,Tuesday,2024-01-02,1,Morning,True,False,0.0,0,2024-01-02 09:02:00,2024-01-02 09:10:00
CUST_9_20240102,General Inquiry,4,2024-01-02 09:04:00,Victoria Island,9,1,Tuesday,2024-01-02,1,Morning,True,False,2.0,1,2024-01-02 09:06:00,2024-01-02 09:10:00
CUST_64_20240102,Transfer,8,2024-01-02 09:05:00,Victoria Island,9,1,Tuesday,2024-01-02,1,Morning,True,False,5.0,2,2024-01-02 09:10:00,2024-01-02 09:18:00
CUST_120_20240102,Transfer,7,2024-01-02 09:07:00,Ikeja,9,1,Tuesday,2024-01-02,1,Morning,True,False,3.0,1,2024-01-02 09:10:00,2024-01-02 09:17:00
CUST_35_20240102,Cash Withdrawal,2,2024-01-02 09:12:00,Victoria Island,9,1,Tuesday,2024-01-02,1,Morning,True,False,6.0,1,2024-01-02 09:18:00,2024-01-02 09:20:00
CUST_28_20240102,Cash Withdrawal,7,2024-01-02 09:13:00,Victoria Island,9,1,Tuesday,2024-01-02,1,Morning,True,False,7.0,2,2024-01-02 09:20:00,2024-01-02 09:27:00
CUST_115_20240102,General Inquiry,5,2024-01-02 09:13:00,Ikeja,9,1,Tuesday,2024-01-02,1,Morning,True,False,4.0,1,2024-01-02 09:17:00,2024-01-02 09:22:00
CUST_10_20240102,Cash Withdrawal,7,2024-01-02 09:14:00,Victoria Island,9,1,Tuesday,2024-01-02,1,Morning,True,False,13.0,3,2024-01-02 09:27:00,2024-01-02 09:34:00
CUST_113_20240102,Loan Application,52,2024-01-02 09:16:00,Ikeja,9,1,Tuesday,2024-01-02,1,Morning,True,False,6.0,2,2024-01-02 09:22:00,2024-01-02 10:14:00
CUST_95_20240102,Cash Withdrawal,3,2024-01-02 09:24:00,Victoria Island,9,1,Tuesday,2024-01-02,1,Morning,True,False,10.0,2,2024-01-02 09:34:00,2024-01-02 09:37:00
CUST_72_20240102,Cash Withdrawal,6,2024-01-02 09:30:00,Victoria Island,9,1,Tuesday,2024-01-02,1,Morning,True,False,7.0,2,2024-01-02 09:37:00,2024-01-02 09:43:00
CUST_7_20240102,Transfer,4,2024-01-02 09:41:00,Victoria Island,9,1,Tuesday,2024-01-02,1,Morning,True,False,2.0,1,2024-01-02 09:43:00,2024-01-02 09:47:00
CUST_54_20240102,Account Opening,42,2024-01-02 09:41:00,Victoria Island,9,1,Tuesday,2024-01-02,1,Morning,True,False,6.0,2,2024-01-02 09:47:00,2024-01-02 10:29:00
CUST_56_20240102,Cash Withdrawal,6,2024-01-02 09:42:00,Victoria Island,9,1,Tuesday,2024-01-02,1,Morning,True,False,47.0,3,2024-01-02 10:29:00,2024-01-02 10:35:00
CUST_111_20240102,General Inquiry,2,2024-01-02 09:43:00,Ikeja,9,1,Tuesday,2024-01-02,1,Morning,True,False,31.0,1,2024-01-02 10:14:00,2024-01-02 10:16:00
CUST_118_20240102,Cash Withdrawal,7,2024-01-02 09:51:00,Ikeja,9,1,Tuesday,2024-01-02,1,Morning,True,False,25.0,2,2024-01-02 10:16:00,2024-01-02 10:23:00
CUST_23_20240102,Transfer,3,2024-01-02 09:54:00,Victoria Island,9,1,Tuesday,2024-01-02,1,Morning,True,False,41.0,2,2024-01-02 10:35:00,2024-01-02 10:38:00
CUST_2_20240102,Account Opening,27,2024-01-02 09:56:00,Victoria Island,9,1,Tuesday,2024-01-02,1,Morning,True,False,42.0,3,2024-01-02 10:38:00,2024-01-02 11:05:00
CUST_116_20240102,Cash Withdrawal,7,2024-01-02 09:58:00,Ikeja,9,1,Tuesday,2024-01-02,1,Morning,True,False,25.0,3,2024-01-02 10:23:00,2024-01-02 10:30:00
CUST_32_20240102,Cash Withdrawal,8,2024-01-02 09:59:00,Victoria Island,9,1,Tuesday,2024-01-02,1,Morning,True,False,66.0,4,2024-01-02 11:05:00,2024-01-02 11:13:00
CUST_44_20240102,Cash Withdrawal,2,2024-01-02 10:00:00,Victoria Island,10,1,Tuesday,2024-01-02,1,Morning,True,False,73.0,5,2024-01-02 11:13:00,2024-01-02 11:15:00
CUST_117_20240102,Cash Withdrawal,6,2024-01-02 10:02:00,Ikeja,10,1,Tuesday,2024-01-02,1,Morning,True,False,28.0,4,2024-01-02 10:30:00,2024-01-02 10:36:00
CUST_67_20240102,General Inquiry,1,2024-01-02 10:03:00,Victoria Island,10,1,Tuesday,2024-01-02,1,Morning,True,False,72.0,6,2024-01-02 11:15:00,2024-01-02 11:16:00
CUST_11_20240102,Account Opening,15,2024-01-02 10:06:00,Victoria Island,10,1,Tuesday,2024-01-02,1,Morning,True,False,70.0,7,2024-01-02 11:16:00,2024-01-02 11:31:00
CUST_47_20240102,Cash Withdrawal,6,2024-01-02 10:09:00,Victoria Island,10,1,Tuesday,2024-01-02,1,Morning,True,False,82.0,8,2024-01-02 11:31:00,2024-01-02 11:37:00
CUST_62_20240102,Transfer,10,2024-01-02 10:11:00,Victoria Island,10,1,Tuesday,2024-01-02,1,Morning,True,False,86.0,9,2024-01-02 11:37:00,2024-01-02 11:47:00
CUST_20_20240102,Cash Withdrawal,2,2024-01-02 10:13:00,Victoria Island,10,1,Tuesday,2024-01-02,1,Morning,True,False,94.0,10,2024-01-02 11:47:00,2024-01-02 11:49:00
CUST_122_20240102,Cash Withdrawal,4,2024-01-02 10:14:00,Ikeja,10,1,Tuesday,2024-01-02,1,Morning,True,False,22.0,4,2024-01-02 10:36:00,2024-01-02 10:40:00
CUST_63_20240102,Account Opening,36,2024-01-02 10:16:00,Victoria Island,10,1,Tuesday,2024-01-02,1,Morning,True,False,93.0,11,2024-01-02 11:49:00,2024-01-02 12:25:00
CUST_13_20240102,Cash Withdrawal,4,2024-01-02 10:20:00,Victoria Island,10,1,Tuesday,2024-01-02,1,Morning,True,False,125.0,12,2024-01-02 12:25:00,2024-01-02 12:29:00
CUST_108_20240102,Cash Withdrawal,3,2024-01-02 10:22:00,Ikeja,10,1,Tuesday,2024-01-02,1,Morning,True,False,18.0,4,2024-01-02 10:40:00,2024-01-02 10:43:00
CUST_70_20240102,Cash Withdrawal,5,2024-01-02 10:25:00,Victoria Island,10,1,Tuesday,2024-01-02,1,Morning,True,False,124.0,13,2024-01-02 12:29:00,2024-01-02 12:34:00
CUST_89_20240102,Transfer,4,2024-01-02 10:32:00,Victoria Island,10,1,Tuesday,2024-01-02,1,Morning,True,False,122.0,13,2024-01-02 12:34:00,2024-01-02 12:38:00
CUST_102_20240102,Account Opening,38,2024-01-02 10:32:00,Victoria Island,10,1,Tuesday,2024-01-02,1,Morning,True,False,126.0,14,2024-01-02 12:38:00,2024-01-02 13:16:00
CUST_21_20240102,Transfer,9,2024-01-02 10:34:00,Victoria Island,10,1,Tuesday,2024-01-02,1,Morning,True,False,162.0,15,2024-01-02 13:16:00,2024-01-02 13:25:00
CUST_83_20240102,Cash Withdrawal,5,2024-01-02 10:34:00,Victoria Island,10,1,Tuesday,2024-01-02,1,Morning,True,False,171.0,16,2024-01-02 13:25:00,2024-01-02 13:30:00
CUST_65_20240102,General Inquiry,3,2024-01-02 10:38:00,Victoria Island,10,1,Tuesday,2024-01-02,1,Morning,True,False,172.0,15,2024-01-02 13:30:00,2024-01-02 13:33:00
CUST_46_20240102,Loan Application,22,2024-01-02 10:40:00,Victoria Island,10,1,Tuesday,2024-01-02,1,Morning,True,False,173.0,16,2024-01-02 13:33:00,2024-01-02 13:55:00
CUST_87_20240102,Account Opening,24,2024-01-02 10:42:00,Victoria Island,10,1,Tuesday,2024-01-02,1,Morning,True,False,193.0,17,2024-01-02 13:55:00,2024-01-02 14:19:00
CUST_69_20240102,Account Opening,26,2024-01-02 10:46:00,Victoria Island,10,1,Tuesday,2024-01-02,1,Morning,True,False,213.0,18,2024-01-02 14:19:00,2024-01-02 14:45:00
CUST_73_20240102,Cash Withdrawal,5,2024-01-02 10:46:00,Victoria Island,10,1,Tuesday,2024-01-02,1,Morning,True,False,239.0,19,2024-01-02 14:45:00,2024-01-02 14:50:00
CUST_41_20240102,Cash Withdrawal,7,2024-01-02 10:51:00,Victoria Island,10,1,Tuesday,2024-01-02,1,Morning,True,False,239.0,20,2024-01-02 14:50:00,2024-01-02 14:57:00
CUST_106_20240102,Account Opening,27,2024-01-02 10:51:00,Ikeja,10,1,Tuesday,2024-01-02,1,Morning,True,False,0.0,0,2024-01-02 10:51:00,2024-01-02 11:18:00
CUST_14_20240102,General Inquiry,3,2024-01-02 10:51:00,Victoria Island,10,1,Tuesday,2024-01-02,1,Morning,True,False,246.0,21,2024-01-02 14:57:00,2024-01-02 15:00:00
CUST_98_20240102,Transfer,5,2024-01-02 10:54:00,Victoria Island,10,1,Tuesday,2024-01-02,1,Morning,True,False,246.0,22,2024-01-02 15:00:00,2024-01-02 15:05:00
CUST_100_20240102,Loan Application,42,2024-01-02 11:00:00,Victoria Island,11,1,Tuesday,2024-01-02,1,Morning,True,False,245.0,23,2024-01-02 15:05:00,2024-01-02 15:47:00
CUST_37_20240102,Cash Withdrawal,5,2024-01-02 11:05:00,Victoria Island,11,1,Tuesday,2024-01-02,1,Morning,True,False,282.0,23,2024-01-02 15:47:00,2024-01-02 15:52:00
CUST_77_20240102,Cash Withdrawal,3,2024-01-02 11:14:00,Victoria Island,11,1,Tuesday,2024-01-02,1,Morning,True,False,278.0,23,2024-01-02 15:52:00,2024-01-02 15:55:00
CUST_52_20240102,Cash Withdrawal,5,2024-01-02 11:14:00,Victoria Island,11,1,Tuesday,2024-01-02,1,Morning,True,False,281.0,24,2024-01-02 15:55:00,2024-01-02 16:00:00
CUST_57_20240102,Cash Withdrawal,3,2024-01-02 11:19:00,Victoria Island,11,1,Tuesday,2024-01-02,1,Morning,True,False,281.0,23,2024-01-02 16:00:00,2024-01-02 16:03:00
CUST_110_20240102,Cash Withdrawal,6,2024-01-02 11:24:00,Ikeja,11,1,Tuesday,2024-01-02,1,Morning,True,False,0.0,0,2024-01-02 11:24:00,2024-01-02 11:30:00
CUST_76_20240102,Account Opening,38,2024-01-02 11:24:00,Victoria Island,11,1,Tuesday,2024-01-02,1,Morning,True,False,279.0,24,2024-01-02 16:03:00,2024-01-02 16:41:00
CUST_80_20240102,Transfer,4,2024-01-02 11:34:00,Victoria Island,11,1,Tuesday,2024-01-02,1,Morning,True,False,307.0,24,2024-01-02 16:41:00,2024-01-02 16:45:00
CUST_34_20240102,Account Opening,25,2024-01-02 11:37:00,Victoria Island,11,1,Tuesday,2024-01-02,1,Morning,True,False,308.0,24,2024-01-02 16:45:00,2024-01-02 17:10:00
CUST_8_20240102,Cash Withdrawal,4,2024-01-02 11:42:00,Victoria Island,11,1,Tuesday,2024-01-02,1,Morning,True,False,328.0,25,2024-01-02 17:10:00,2024-01-02 17:14:00
CUST_1_20240102,Account Opening,36,2024-01-02 11:44:00,Victoria Island,11,1,Tuesday,2024-01-02,1,Morning,True,False,330.0,26,2024-01-02 17:14:00,2024-01-02 17:50:00
CUST_27_20240102,Cash Withdrawal,8,2024-01-02 11:48:00,Victoria Island,11,1,Tuesday,2024-01-02,1,Morning,True,False,362.0,26,2024-01-02 17:50:00,2024-01-02 17:58:00
CUST_51_20240102,Cash Withdrawal,2,2024-01-02 11:57:00,Victoria Island,11,1,Tuesday,2024-01-02,1,Morning,True,False,361.0,26,2024-01-02 17:58:00,2024-01-02 18:00:00
CUST_68_20240102,General Inquiry,5,2024-01-02 11:58:00,Victoria Island,11,1,Tuesday,2024-01-02,1,Morning,True,False,362.0,27,2024-01-02 18:00:00,2024-01-02 18:05:00
CUST_90_20240102,Cash Withdrawal,2,2024-01-02 11:58:00,Victoria Island,11,1,Tuesday,2024-01-02,1,Morning,True,False,367.0,28,2024-01-02 18:05:00,2024-01-02 18:07:00
CUST_114_20240102,General Inquiry,3,2024-01-02 11:59:00,Ikeja,11,1,Tuesday,2024-01-02,1,Morning,True,False,0.0,0,2024-01-02 11:59:00,2024-01-02 12:02:00
CUST_15_20240102,Cash Withdrawal,2,2024-01-02 12:13:00,Victoria Island,12,1,Tuesday,2024-01-02,1,Afternoon,False,False,354.0,29,2024-01-02 18:07:00,2024-01-02 18:09:00
CUST_58_20240102,Transfer,8,2024-01-02 12:22:00,Victoria Island,12,1,Tuesday,2024-01-02,1,Afternoon,False,False,347.0,30,2024-01-02 18:09:00,2024-01-02 18:17:00
CUST_105_20240102,Loan Application,29,2024-01-02 12:23:00,Ikeja,12,1,Tuesday,2024-01-02,1,Afternoon,False,False,0.0,0,2024-01-02 12:23:00,2024-01-02 12:52:00
CUST_94_20240102,Cash Withdrawal,4,2024-01-02 12:26:00,Victoria Island,12,1,Tuesday,2024-01-02,1,Afternoon,False,False,351.0,30,2024-01-02 18:17:00,2024-01-02 18:21:00
CUST_36_20240102,Cash Withdrawal,2,2024-01-02 12:27:00,Victoria Island,12,1,Tuesday,2024-01-02,1,Afternoon,False,False,354.0,31,2024-01-02 18:21:00,2024-01-02 18:23:00
CUST_29_20240102,Cash Withdrawal,5,2024-01-02 12:33:00,Victoria Island,12,1,Tuesday,2024-01-02,1,Afternoon,False,False,350.0,31,2024-01-02 18:23:00,2024-01-02 18:28:00
CUST_24_20240102,Transfer,10,2024-01-02 12:41:00,Victoria Island,12,1,Tuesday,2024-01-02,1,Afternoon,False,False,347.0,30,2024-01-02 18:28:00,2024-01-02 18:38:00
CUST_71_20240102,Cash Withdrawal,7,2024-01-02 12:42:00,Victoria Island,12,1,Tuesday,2024-01-02,1,Afternoon,False,False,356.0,31,2024-01-02 18:38:00,2024-01-02 18:45:00
CUST_17_20240102,Cash Withdrawal,7,2024-01-02 12:46:00,Victoria Island,12,1,Tuesday,2024-01-02,1,Afternoon,False,False,359.0,32,2024-01-02 18:45:00,2024-01-02 18:52:00
CUST_103_20240102,Transfer,6,2024-01-02 12:49:00,Victoria Island,12,1,Tuesday,2024-01-02,1,Afternoon,False,False,363.0,33,2024-01-02 18:52:00,2024-01-02 18:58:00
CUST_79_20240102,Transfer,3,2024-01-02 13:04:00,Victoria Island,13,1,Tuesday,2024-01-02,1,Afternoon,True,False,354.0,34,2024-01-02 18:58:00,2024-01-02 19:01:00
CUST_39_20240102,Account Opening,24,2024-01-02 13:08:00,Victoria Island,13,1,Tuesday,2024-01-02,1,Afternoon,True,False,353.0,35,2024-01-02 19:01:00,2024-01-02 19:25:00
CUST_88_20240102,Account Opening,16,2024-01-02 13:18:00,Victoria Island,13,1,Tuesday,2024-01-02,1,Afternoon,True,False,367.0,35,2024-01-02 19:25:00,2024-01-02 19:41:00
CUST_81_20240102,Account Opening,28,2024-01-02 13:19:00,Victoria Island,13,1,Tuesday,2024-01-02,1,Afternoon,True,False,382.0,36,2024-01-02 19:41:00,2024-01-02 20:09:00
CUST_40_20240102,Transfer,3,2024-01-02 13:24:00,Victoria Island,13,1,Tuesday,2024-01-02,1,Afternoon,True,False,405.0,37,2024-01-02 20:09:00,2024-01-02 20:12:00
CUST_6_20240102,Transfer,3,2024-01-02 13:27:00,Victoria Island,13,1,Tuesday,2024-01-02,1,Afternoon,True,False,405.0,37,2024-01-02 20:12:00,2024-01-02 20:15:00
CUST_53_20240102,Transfer,8,2024-01-02 13:28:00,Victoria Island,13,1,Tuesday,2024-01-02,1,Afternoon,True,False,407.0,38,2024-01-02 20:15:00,2024-01-02 20:23:00
CUST_85_20240102,Cash Withdrawal,2,2024-01-02 13:32:00,Victoria Island,13,1,Tuesday,2024-01-02,1,Afternoon,True,False,411.0,38,2024-01-02 20:23:00,2024-01-02 20:25:00
CUST_82_20240102,Cash Withdrawal,6,2024-01-02 13:33:00,Victoria Island,13,1,Tuesday,2024-01-02,1,Afternoon,True,False,412.0,38,2024-01-02 20:25:00,2024-01-02 20:31:00
CUST_91_20240102,General Inquiry,5,2024-01-02 13:34:00,Victoria Island,13,1,Tuesday,2024-01-02,1,Afternoon,True,False,417.0,39,2024-01-02 20:31:00,2024-01-02 20:36:00
CUST_19_20240102,Transfer,7,2024-01-02 13:37:00,Victoria Island,13,1,Tuesday,2024-01-02,1,Afternoon,True,False,419.0,40,2024-01-02 20:36:00,2024-01-02 20:43:00
CUST_97_20240102,Account Opening,36,2024-01-02 13:39:00,Victoria Island,13,1,Tuesday,2024-01-02,1,Afternoon,True,False,424.0,41,2024-01-02 20:43:00,2024-01-02 21:19:00
CUST_4_20240102,General Inquiry,2,2024-01-02 13:39:00,Victoria Island,13,1,Tuesday,2024-01-02,1,Afternoon,True,False,460.0,42,2024-01-02 21:19:00,2024-01-02 21:21:00
CUST_75_20240102,Transfer,8,2024-01-02 13:40:00,Victoria Island,13,1,Tuesday,2024-01-02,1,Afternoon,True,False,461.0,43,2024-01-02 21:21:00,2024-01-02 21:29:00
CUST_101_20240102,Account Opening,39,2024-01-02 13:46:00,Victoria Island,13,1,Tuesday,2024-01-02,1,Afternoon,True,False,463.0,44,2024-01-02 21:29:00,2024-01-02 22:08:00
CUST_12_20240102,Transfer,9,2024-01-02 13:46:00,Victoria Island,13,1,Tuesday,2024-01-02,1,Afternoon,True,False,502.0,45,2024-01-02 22:08:00,2024-01-02 22:17:00
CUST_22_20240102,General Inquiry,4,2024-01-02 13:50:00,Victoria Island,13,1,Tuesday,2024-01-02,1,Afternoon,True,False,507.0,46,2024-01-02 22:17:00,2024-01-02 22:21:00
CUST_25_20240102,Loan Application,60,2024-01-02 13:51:00,Victoria Island,13,1,Tuesday,2024-01-02,1,Afternoon,True,False,510.0,47,2024-01-02 22:21:00,2024-01-02 23:21:00
CUST_112_20240102,Cash Withdrawal,8,2024-01-02 14:14:00,Ikeja,14,1,Tuesday,2024-01-02,1,Afternoon,True,False,0.0,0,2024-01-02 14:14:00,2024-01-02 14:22:00
CUST_33_20240102,Cash Withdrawal,8,2024-01-02 14:19:00,Victoria Island,14,1,Tuesday,2024-01-02,1,Afternoon,True,False,542.0,46,2024-01-02 23:21:00,2024-01-02 23:29:00
CUST_55_20240102,Cash Withdrawal,7,2024-01-02 14:26:00,Victoria Island,14,1,Tuesday,2024-01-02,1,Afternoon,True,False,543.0,47,2024-01-02 23:29:00,2024-01-02 23:36:00
CUST_26_20240102,General Inquiry,4,2024-01-02 14:29:00,Victoria Island,14,1,Tuesday,2024-01-02,1,Afternoon,True,False,547.0,48,2024-01-02 23:36:00,2024-01-02 23:40:00
CUST_61_20240102,Loan Application,22,2024-01-02 14:30:00,Victoria Island,14,1,Tuesday,2024-01-02,1,Afternoon,True,False,550.0,49,2024-01-02 23:40:00,2024-01-03 00:02:00
CUST_42_20240102,Account Opening,20,2024-01-02 14:34:00,Victoria Island,14,1,Tuesday,2024-01-02,1,Afternoon,True,False,568.0,50,2024-01-03 00:02:00,2024-01-03 00:22:00
CUST_84_20240102,Transfer,3,2024-01-02 14:44:00,Victoria Island,14,1,Tuesday,2024-01-02,1,Afternoon,True,False,578.0,51,2024-01-03 00:22:00,2024-01-03 00:25:00
CUST_18_20240102,Account Opening,33,2024-01-02 14:56:00,Victoria Island,14,1,Tuesday,2024-01-02,1,Afternoon,True,False,569.0,50,2024-01-03 00:25:00,2024-01-03 00:58:00
CUST_96_20240102,Cash Withdrawal,6,2024-01-02 14:57:00,Victoria Island,14,1,Tuesday,2024-01-02,1,Afternoon,True,False,601.0,50,2024-01-03 00:58:00,2024-01-03 01:04:00
CUST_59_20240102,Transfer,9,2024-01-02 14:59:00,Victoria Island,14,1,Tuesday,2024-01-02,1,Afternoon,True,False,605.0,51,2024-01-03 01:04:00,2024-01-03 01:13:00
CUST_45_20240102,Cash Withdrawal,3,2024-01-02 15:00:00,Victoria Island,15,1,Tuesday,2024-01-02,1,Afternoon,True,False,613.0,51,2024-01-03 01:13:00,2024-01-03 01:16:00
CUST_109_20240102,Transfer,5,2024-01-02 15:06:00,Ikeja,15,1,Tuesday,2024-01-02,1,Afternoon,True,False,0.0,0,2024-01-02 15:06:00,2024-01-02 15:11:00
CUST_43_20240102,Transfer,3,2024-01-02 15:14:00,Victoria Island,15,1,Tuesday,2024-01-02,1,Afternoon,True,False,602.0,51,2024-01-03 01:16:00,2024-01-03 01:19:00
CUST_86_20240102,Cash Withdrawal,6,2024-01-02 15:15:00,Victoria Island,15,1,Tuesday,2024-01-02,1,Afternoon,True,False,604.0,52,2024-01-03 01:19:00,2024-01-03 01:25:00
CUST_50_20240102,Cash Withdrawal,4,2024-01-02 15:22:00,Victoria Island,15,1,Tuesday,2024-01-02,1,Afternoon,True,False,603.0,53,2024-01-03 01:25:00,2024-01-03 01:29:00
CUST_60_20240102,Account Opening,15,2024-01-02 15:24:00,Victoria Island,15,1,Tuesday,2024-01-02,1,Afternoon,True,False,605.0,54,2024-01-03 01:29:00,2024-01-03 01:44:00
CUST_31_20240102,Cash Withdrawal,5,2024-01-02 15:27:00,Victoria Island,15,1,Tuesday,2024-01-02,1,Afternoon,True,False,617.0,55,2024-01-03 01:44:00,2024-01-03 01:49:00
CUST_3_20240102,Transfer,6,2024-01-02 15:35:00,Victoria Island,15,1,Tuesday,2024-01-02,1,Afternoon,True,False,614.0,56,2024-01-03 01:49:00,2024-01-03 01:55:00
CUST_107_20240102,Cash Withdrawal,8,2024-01-02 15:36:00,Ikeja,15,1,Tuesday,2024-01-02,1,Afternoon,True,False,0.0,0,2024-01-02 15:36:00,2024-01-02 15:44:00
CUST_104_20240102,Account Opening,18,2024-01-02 15:43:00,Victoria Island,15,1,Tuesday,2024-01-02,1,Afternoon,True,False,612.0,57,2024-01-03 01:55:00,2024-01-03 02:13:00
CUST_66_20240102,Cash Withdrawal,7,2024-01-02 15:44:00,Victoria Island,15,1,Tuesday,2024-01-02,1,Afternoon,True,False,629.0,58,2024-01-03 02:13:00,2024-01-03 02:20:00
CUST_48_20240102,Transfer,10,2024-01-02 15:44:00,Victoria Island,15,1,Tuesday,2024-01-02,1,Afternoon,True,False,636.0,59,2024-01-03 02:20:00,2024-01-03 02:30:00
CUST_5_20240102,Transfer,8,2024-01-02 15:44:00,Victoria Island,15,1,Tuesday,2024-01-02,1,Afternoon,True,False,646.0,60,2024-01-03 02:30:00,2024-01-03 02:38:00
CUST_99_20240102,Transfer,4,2024-01-02 15:46:00,Victoria Island,15,1,Tuesday,2024-01-02,1,Afternoon,True,False,652.0,61,2024-01-03 02:38:00,2024-01-03 02:42:00
CUST_119_20240102,Account Opening,15,2024-01-02 15:54:00,Ikeja,15,1,Tuesday,2024-01-02,1,Afternoon,True,False,0.0,0,2024-01-02 15:54:00,2024-01-02 16:09:00
CUST_30_20240102,Cash Withdrawal,4,2024-01-02 15:55:00,Victoria Island,15,1,Tuesday,2024-01-02,1,Afternoon,True,False,647.0,59,2024-01-03 02:42:00,2024-01-03 02:46:00
CUST_12_20240103,Transfer,5,2024-01-03 08:06:00,Victoria Island,8,2,Wednesday,2024-01-03,1,Morning,False,False,0.0,0,2024-01-03 08:06:00,2024-01-03 08:11:00
CUST_60_20240103,Transfer,5,2024-01-03 08:13:00,Victoria Island,8,2,Wednesday,2024-01-03,1,Morning,False,False,0.0,0,2024-01-03 08:13:00,2024-01-03 08:18:00
CUST_39_20240103,Cash Withdrawal,3,2024-01-03 08:21:00,Victoria Island,8,2,Wednesday,2024-01-03,1,Morning,False,False,0.0,0,2024-01-03 08:21:00,2024-01-03 08:24:00
CUST_1_20240103,General Inquiry,4,2024-01-03 08:27:00,Victoria Island,8,2,Wednesday,2024-01-03,1,Morning,False,False,0.0,0,2024-01-03 08:27:00,2024-01-03 08:31:00
CUST_36_20240103,Transfer,10,2024-01-03 08:35:00,Victoria Island,8,2,Wednesday,2024-01-03,1,Morning,False,False,0.0,0,2024-01-03 08:35:00,2024-01-03 08:45:00
CUST_30_20240103,General Inquiry,3,2024-01-03 09:00:00,Victoria Island,9,2,Wednesday,2024-01-03,1,Morning,True,False,0.0,0,2024-01-03 09:00:00,2024-01-03 09:03:00
CUST_13_20240103,General Inquiry,4,2024-01-03 09:01:00,Victoria Island,9,2,Wednesday,2024-01-03,1,Morning,True,False,2.0,1,2024-01-03 09:03:00,2024-01-03 09:07:00
CUST_56_20240103,Loan Application,48,2024-01-03 09:06:00,Victoria Island,9,2,Wednesday,2024-01-03,1,Morning,True,False,1.0,1,2024-01-03 09:07:00,2024-01-03 09:55:00
CUST_93_20240103,Loan Application,53,2024-01-03 09:06:00,Victoria Island,9,2,Wednesday,2024-01-03,1,Morning,True,False,49.0,2,2024-01-03 09:55:00,2024-01-03 10:48:00
CUST_58_20240103,Cash Withdrawal,3,2024-01-03 09:16:00,Victoria Island,9,2,Wednesday,2024-01-03,1,Morning,True,False,92.0,2,2024-01-03 10:48:00,2024-01-03 10:51:00
CUST_9_20240103,Transfer,9,2024-01-03 09:20:00,Victoria Island,9,2,Wednesday,2024-01-03,1,Morning,True,False,91.0,3,2024-01-03 10:51:00,2024-01-03 11:00:00
CUST_14_20240103,Transfer,9,2024-01-03 09:30:00,Victoria Island,9,2,Wednesday,2024-01-03,1,Morning,True,False,90.0,4,2024-01-03 11:00:00,2024-01-03 11:09:00
CUST_21_20240103,Loan Application,36,2024-01-03 09:33:00,Victoria Island,9,2,Wednesday,2024-01-03,1,Morning,True,False,96.0,5,2024-01-03 11:09:00,2024-01-03 11:45:00
CUST_74_20240103,Cash Withdrawal,2,2024-01-03 09:37:00,Victoria Island,9,2,Wednesday,2024-01-03,1,Morning,True,False,128.0,6,2024-01-03 11:45:00,2024-01-03 11:47:00
CUST_22_20240103,Transfer,7,2024-01-03 09:39:00,Victoria Island,9,2,Wednesday,2024-01-03,1,Morning,True,False,128.0,7,2024-01-03 11:47:00,2024-01-03 11:54:00
CUST_84_20240103,Cash Withdrawal,4,2024-01-03 09:40:00,Victoria Island,9,2,Wednesday,2024-01-03,1,Morning,True,False,134.0,8,2024-01-03 11:54:00,2024-01-03 11:58:00
CUST_32_20240103,Transfer,7,2024-01-03 09:41:00,Victoria Island,9,2,Wednesday,2024-01-03,1,Morning,True,False,137.0,9,2024-01-03 11:58:00,2024-01-03 12:05:00
CUST_80_20240103,Cash Withdrawal,3,2024-01-03 09:43:00,Victoria Island,9,2,Wednesday,2024-01-03,1,Morning,True,False,142.0,10,2024-01-03 12:05:00,2024-01-03 12:08:00
CUST_51_20240103,Account Opening,16,2024-01-03 09:45:00,Victoria Island,9,2,Wednesday,2024-01-03,1,Morning,True,False,143.0,11,2024-01-03 12:08:00,2024-01-03 12:24:00
CUST_42_20240103,Cash Withdrawal,4,2024-01-03 09:58:00,Victoria Island,9,2,Wednesday,2024-01-03,1,Morning,True,False,146.0,11,2024-01-03 12:24:00,2024-01-03 12:28:00
CUST_29_20240103,Cash Withdrawal,4,2024-01-03 10:05:00,Victoria Island,10,2,Wednesday,2024-01-03,1,Morning,True,False,143.0,12,2024-01-03 12:28:00,2024-01-03 12:32:00
CUST_79_20240103,Transfer,7,2024-01-03 10:05:00,Victoria Island,10,2,Wednesday,2024-01-03,1,Morning,True,False,147.0,13,2024-01-03 12:32:00,2024-01-03 12:39:00
CUST_76_20240103,Loan Application,23,2024-01-03 10:06:00,Victoria Island,10,2,Wednesday,2024-01-03,1,Morning,True,False,153.0,14,2024-01-03 12:39:00,2024-01-03 13:02:00
CUST_62_20240103,General Inquiry,2,2024-01-03 10:07:00,Victoria Island,10,2,Wednesday,2024-01-03,1,Morning,True,False,175.0,15,2024-01-03 13:02:00,2024-01-03 13:04:00
CUST_7_20240103,General Inquiry,1,2024-01-03 10:11:00,Victoria Island,10,2,Wednesday,2024-01-03,1,Morning,True,False,173.0,16,2024-01-03 13:04:00,2024-01-03 13:05:00
CUST_41_20240103,Transfer,8,2024-01-03 10:22:00,Victoria Island,10,2,Wednesday,2024-01-03,1,Morning,True,False,163.0,17,2024-01-03 13:05:00,2024-01-03 13:13:00
CUST_52_20240103,Transfer,6,2024-01-03 10:34:00,Victoria Island,10,2,Wednesday,2024-01-03,1,Morning,True,False,159.0,18,2024-01-03 13:13:00,2024-01-03 13:19:00
CUST_43_20240103,General Inquiry,4,2024-01-03 10:38:00,Victoria Island,10,2,Wednesday,2024-01-03,1,Morning,True,False,161.0,19,2024-01-03 13:19:00,2024-01-03 13:23:00
CUST_91_20240103,Transfer,9,2024-01-03 10:41:00,Victoria Island,10,2,Wednesday,2024-01-03,1,Morning,True,False,162.0,20,2024-01-03 13:23:00,2024-01-03 13:32:00
CUST_83_20240103,Cash Withdrawal,6,2024-01-03 10:42:00,Victoria Island,10,2,Wednesday,2024-01-03,1,Morning,True,False,170.0,21,2024-01-03 13:32:00,2024-01-03 13:38:00
CUST_67_20240103,Account Opening,15,2024-01-03 10:44:00,Victoria Island,10,2,Wednesday,2024-01-03,1,Morning,True,False,174.0,22,2024-01-03 13:38:00,2024-01-03 13:53:00
CUST_16_20240103,Transfer,5,2024-01-03 10:45:00,Victoria Island,10,2,Wednesday,2024-01-03,1,Morning,True,False,188.0,23,2024-01-03 13:53:00,2024-01-03 13:58:00
CUST_27_20240103,Transfer,9,2024-01-03 10:45:00,Victoria Island,10,2,Wednesday,2024-01-03,1,Morning,True,False,193.0,24,2024-01-03 13:58:00,2024-01-03 14:07:00
CUST_4_20240103,Cash Withdrawal,6,2024-01-03 10:45:00,Victoria Island,10,2,Wednesday,2024-01-03,1,Morning,True,False,202.0,25,2024-01-03 14:07:00,2024-01-03 14:13:00
CUST_17_20240103,General Inquiry,3,2024-01-03 10:52:00,Victoria Island,10,2,Wednesday,2024-01-03,1,Morning,True,False,201.0,24,2024-01-03 14:13:00,2024-01-03 14:16:00
CUST_90_20240103,Transfer,5,2024-01-03 10:52:00,Victoria Island,10,2,Wednesday,2024-01-03,1,Morning,True,False,204.0,25,2024-01-03 14:16:00,2024-01-03 14:21:00
CUST_20_20240103,Cash Withdrawal,4,2024-01-03 10:53:00,Victoria Island,10,2,Wednesday,2024-01-03,1,Morning,True,False,208.0,26,2024-01-03 14:21:00,2024-01-03 14:25:00
CUST_40_20240103,Account Opening,22,2024-01-03 10:53:00,Victoria Island,10,2,Wednesday,2024-01-03,1,Morning,True,False,212.0,27,2024-01-03 14:25:00,2024-01-03 14:47:00
CUST_81_20240103,Transfer,5,2024-01-03 10:54:00,Victoria Island,10,2,Wednesday,2024-01-03,1,Morning,True,False,233.0,28,2024-01-03 14:47:00,2024-01-03 14:52:00
CUST_45_20240103,Cash Withdrawal,2,2024-01-03 10:56:00,Victoria Island,10,2,Wednesday,2024-01-03,1,Morning,True,False,236.0,29,2024-01-03 14:52:00,2024-01-03 14:54:00
CUST_3_20240103,Cash Withdrawal,6,2024-01-03 10:57:00,Victoria Island,10,2,Wednesday,2024-01-03,1,Morning,True,False,237.0,30,2024-01-03 14:54:00,2024-01-03 15:00:00
CUST_38_20240103,Transfer,6,2024-01-03 11:00:00,Victoria Island,11,2,Wednesday,2024-01-03,1,Morning,True,False,240.0,30,2024-01-03 15:00:00,2024-01-03 15:06:00
CUST_64_20240103,Transfer,7,2024-01-03 11:02:00,Victoria Island,11,2,Wednesday,2024-01-03,1,Morning,True,False,244.0,31,2024-01-03 15:06:00,2024-01-03 15:13:00
CUST_35_20240103,General Inquiry,1,2024-01-03 11:02:00,Victoria Island,11,2,Wednesday,2024-01-03,1,Morning,True,False,251.0,32,2024-01-03 15:13:00,2024-01-03 15:14:00
CUST_88_20240103,Account Opening,32,2024-01-03 11:04:00,Victoria Island,11,2,Wednesday,2024-01-03,1,Morning,True,False,250.0,33,2024-01-03 15:14:00,2024-01-03 15:46:00
CUST_97_20240103,Cash Withdrawal,7,2024-01-03 11:05:00,Victoria Island,11,2,Wednesday,2024-01-03,1,Morning,True,False,281.0,34,2024-01-03 15:46:00,2024-01-03 15:53:00
CUST_85_20240103,Loan Application,45,2024-01-03 11:16:00,Victoria Island,11,2,Wednesday,2024-01-03,1,Morning,True,False,277.0,34,2024-01-03 15:53:00,2024-01-03 16:38:00
CUST_49_20240103,General Inquiry,1,2024-01-03 11:17:00,Victoria Island,11,2,Wednesday,2024-01-03,1,Morning,True,False,321.0,35,2024-01-03 16:38:00,2024-01-03 16:39:00
CUST_19_20240103,Transfer,5,2024-01-03 11:23:00,Victoria Island,11,2,Wednesday,2024-01-03,1,Morning,True,False,316.0,36,2024-01-03 16:39:00,2024-01-03 16:44:00
CUST_26_20240103,Cash Withdrawal,8,2024-01-03 11:23:00,Victoria Island,11,2,Wednesday,2024-01-03,1,Morning,True,False,321.0,37,2024-01-03 16:44:00,2024-01-03 16:52:00
CUST_95_20240103,Cash Withdrawal,5,2024-01-03 11:34:00,Victoria Island,11,2,Wednesday,2024-01-03,1,Morning,True,False,318.0,38,2024-01-03 16:52:00,2024-01-03 16:57:00
CUST_44_20240103,Transfer,3,2024-01-03 11:37:00,Victoria Island,11,2,Wednesday,2024-01-03,1,Morning,True,False,320.0,39,2024-01-03 16:57:00,2024-01-03 17:00:00
CUST_46_20240103,Cash Withdrawal,2,2024-01-03 11:39:00,Victoria Island,11,2,Wednesday,2024-01-03,1,Morning,True,False,321.0,40,2024-01-03 17:00:00,2024-01-03 17:02:00
CUST_47_20240103,Transfer,8,2024-01-03 11:39:00,Victoria Island,11,2,Wednesday,2024-01-03,1,Morning,True,False,323.0,41,2024-01-03 17:02:00,2024-01-03 17:10:00
CUST_82_20240103,Cash Withdrawal,4,2024-01-03 11:48:00,Victoria Island,11,2,Wednesday,2024-01-03,1,Morning,True,False,322.0,40,2024-01-03 17:10:00,2024-01-03 17:14:00
CUST_66_20240103,Account Opening,32,2024-01-03 11:53:00,Victoria Island,11,2,Wednesday,2024-01-03,1,Morning,True,False,321.0,41,2024-01-03 17:14:00,2024-01-03 17:46:00
CUST_48_20240103,Cash Withdrawal,2,2024-01-03 11:53:00,Victoria Island,11,2,Wednesday,2024-01-03,1,Morning,True,False,353.0,42,2024-01-03 17:46:00,2024-01-03 17:48:00
CUST_75_20240103,Transfer,6,2024-01-03 12:05:00,Victoria Island,12,2,Wednesday,2024-01-03,1,Afternoon,False,False,343.0,40,2024-01-03 17:48:00,2024-01-03 17:54:00
CUST_50_20240103,Cash Withdrawal,8,2024-01-03 12:14:00,Victoria Island,12,2,Wednesday,2024-01-03,1,Afternoon,False,False,340.0,40,2024-01-03 17:54:00,2024-01-03 18:02:00
CUST_53_20240103,Transfer,5,2024-01-03 12:23:00,Victoria Island,12,2,Wednesday,2024-01-03,1,Afternoon,False,False,339.0,41,2024-01-03 18:02:00,2024-01-03 18:07:00
CUST_65_20240103,Transfer,5,2024-01-03 12:26:00,Victoria Island,12,2,Wednesday,2024-01-03,1,Afternoon,False,False,341.0,41,2024-01-03 18:07:00,2024-01-03 18:12:00
CUST_15_20240103,General Inquiry,4,2024-01-03 12:27:00,Victoria Island,12,2,Wednesday,2024-01-03,1,Afternoon,False,False,345.0,42,2024-01-03 18:12:00,2024-01-03 18:16:00
CUST_8_20240103,General Inquiry,1,2024-01-03 12:34:00,Victoria Island,12,2,Wednesday,2024-01-03,1,Afternoon,False,False,342.0,41,2024-01-03 18:16:00,2024-01-03 18:17:00
CUST_98_20240103,Account Opening,23,2024-01-03 12:39:00,Victoria Island,12,2,Wednesday,2024-01-03,1,Afternoon,False,False,338.0,41,2024-01-03 18:17:00,2024-01-03 18:40:00
CUST_6_20240103,Cash Withdrawal,4,2024-01-03 12:50:00,Victoria Island,12,2,Wednesday,2024-01-03,1,Afternoon,False,False,350.0,42,2024-01-03 18:40:00,2024-01-03 18:44:00
CUST_28_20240103,Cash Withdrawal,5,2024-01-03 13:00:00,Victoria Island,13,2,Wednesday,2024-01-03,1,Afternoon,True,False,344.0,43,2024-01-03 18:44:00,2024-01-03 18:49:00
CUST_54_20240103,Account Opening,18,2024-01-03 13:03:00,Victoria Island,13,2,Wednesday,2024-01-03,1,Afternoon,True,False,346.0,43,2024-01-03 18:49:00,2024-01-03 19:07:00
CUST_100_20240103,General Inquiry,4,2024-01-03 13:05:00,Victoria Island,13,2,Wednesday,2024-01-03,1,Afternoon,True,False,362.0,42,2024-01-03 19:07:00,2024-01-03 19:11:00
CUST_92_20240103,General Inquiry,5,2024-01-03 13:06:00,Victoria Island,13,2,Wednesday,2024-01-03,1,Afternoon,True,False,365.0,43,2024-01-03 19:11:00,2024-01-03 19:16:00
CUST_11_20240103,Cash Withdrawal,2,2024-01-03 13:08:00,Victoria Island,13,2,Wednesday,2024-01-03,1,Afternoon,True,False,368.0,44,2024-01-03 19:16:00,2024-01-03 19:18:00
CUST_71_20240103,Cash Withdrawal,6,2024-01-03 13:13:00,Victoria Island,13,2,Wednesday,2024-01-03,1,Afternoon,True,False,365.0,44,2024-01-03 19:18:00,2024-01-03 19:24:00
CUST_24_20240103,Cash Withdrawal,7,2024-01-03 13:17:00,Victoria Island,13,2,Wednesday,2024-01-03,1,Afternoon,True,False,367.0,45,2024-01-03 19:24:00,2024-01-03 19:31:00
CUST_33_20240103,Cash Withdrawal,7,2024-01-03 13:17:00,Victoria Island,13,2,Wednesday,2024-01-03,1,Afternoon,True,False,374.0,46,2024-01-03 19:31:00,2024-01-03 19:38:00
CUST_25_20240103,Cash Withdrawal,7,2024-01-03 13:21:00,Victoria Island,13,2,Wednesday,2024-01-03,1,Afternoon,True,False,377.0,46,2024-01-03 19:38:00,2024-01-03 19:45:00
CUST_31_20240103,Account Opening,31,2024-01-03 13:26:00,Victoria Island,13,2,Wednesday,2024-01-03,1,Afternoon,True,False,379.0,46,2024-01-03 19:45:00,2024-01-03 20:16:00
CUST_96_20240103,Transfer,6,2024-01-03 13:33:00,Victoria Island,13,2,Wednesday,2024-01-03,1,Afternoon,True,False,403.0,46,2024-01-03 20:16:00,2024-01-03 20:22:00
CUST_63_20240103,Cash Withdrawal,5,2024-01-03 13:46:00,Victoria Island,13,2,Wednesday,2024-01-03,1,Afternoon,True,False,396.0,46,2024-01-03 20:22:00,2024-01-03 20:27:00
CUST_87_20240103,Cash Withdrawal,8,2024-01-03 13:57:00,Victoria Island,13,2,Wednesday,2024-01-03,1,Afternoon,True,False,390.0,46,2024-01-03 20:27:00,2024-01-03 20:35:00
CUST_70_20240103,General Inquiry,4,2024-01-03 13:59:00,Victoria Island,13,2,Wednesday,2024-01-03,1,Afternoon,True,False,396.0,46,2024-01-03 20:35:00,2024-01-03 20:39:00
CUST_57_20240103,General Inquiry,4,2024-01-03 14:01:00,Victoria Island,14,2,Wednesday,2024-01-03,1,Afternoon,True,False,398.0,47,2024-01-03 20:39:00,2024-01-03 20:43:00
CUST_77_20240103,Account Opening,24,2024-01-03 14:01:00,Victoria Island,14,2,Wednesday,2024-01-03,1,Afternoon,True,False,402.0,48,2024-01-03 20:43:00,2024-01-03 21:07:00
CUST_37_20240103,Cash Withdrawal,5,2024-01-03 14:03:00,Victoria Island,14,2,Wednesday,2024-01-03,1,Afternoon,True,False,424.0,49,2024-01-03 21:07:00,2024-01-03 21:12:00
CUST_61_20240103,Cash Withdrawal,7,2024-01-03 14:15:00,Victoria Island,14,2,Wednesday,2024-01-03,1,Afternoon,True,False,417.0,48,2024-01-03 21:12:00,2024-01-03 21:19:00
CUST_86_20240103,Account Opening,36,2024-01-03 14:17:00,Victoria Island,14,2,Wednesday,2024-01-03,1,Afternoon,True,False,422.0,48,2024-01-03 21:19:00,2024-01-03 21:55:00
CUST_89_20240103,General Inquiry,2,2024-01-03 14:20:00,Victoria Island,14,2,Wednesday,2024-01-03,1,Afternoon,True,False,455.0,49,2024-01-03 21:55:00,2024-01-03 21:57:00
CUST_72_20240103,Cash Withdrawal,2,2024-01-03 14:23:00,Victoria Island,14,2,Wednesday,2024-01-03,1,Afternoon,True,False,454.0,49,2024-01-03 21:57:00,2024-01-03 21:59:00
CUST_2_20240103,Cash Withdrawal,5,2024-01-03 14:33:00,Victoria Island,14,2,Wednesday,2024-01-03,1,Afternoon,True,False,446.0,49,2024-01-03 21:59:00,2024-01-03 22:04:00
CUST_59_20240103,Account Opening,25,2024-01-03 14:38:00,Victoria Island,14,2,Wednesday,2024-01-03,1,Afternoon,True,False,446.0,50,2024-01-03 22:04:00,2024-01-03 22:29:00
CUST_99_20240103,General Inquiry,3,2024-01-03 14:38:00,Victoria Island,14,2,Wednesday,2024-01-03,1,Afternoon,True,False,471.0,51,2024-01-03 22:29:00,2024-01-03 22:32:00
CUST_69_20240103,Cash Withdrawal,8,2024-01-03 14:42:00,Victoria Island,14,2,Wednesday,2024-01-03,1,Afternoon,True,False,470.0,52,2024-01-03 22:32:00,2024-01-03 22:40:00
CUST_34_20240103,Cash Withdrawal,2,2024-01-03 14:42:00,Victoria Island,14,2,Wednesday,2024-01-03,1,Afternoon,True,False,478.0,53,2024-01-03 22:40:00,2024-01-03 22:42:00
CUST_73_20240103,Cash Withdrawal,4,2024-01-03 14:50:00,Victoria Island,14,2,Wednesday,2024-01-03,1,Afternoon,True,False,472.0,53,2024-01-03 22:42:00,2024-01-03 22:46:00
CUST_10_20240103,Transfer,4,2024-01-03 14:57:00,Victoria Island,14,2,Wednesday,2024-01-03,1,Afternoon,True,False,469.0,52,2024-01-03 22:46:00,2024-01-03 22:50:00
CUST_23_20240103,Account Opening,41,2024-01-03 15:13:00,Victoria Island,15,2,Wednesday,2024-01-03,1,Afternoon,True,False,457.0,50,2024-01-03 22:50:00,2024-01-03 23:31:00
CUST_5_20240103,Transfer,8,2024-01-03 15:17:00,Victoria Island,15,2,Wednesday,2024-01-03,1,Afternoon,True,False,494.0,50,2024-01-03 23:31:00,2024-01-03 23:39:00
CUST_18_20240103,Cash Withdrawal,7,2024-01-03 15:22:00,Victoria Island,15,2,Wednesday,2024-01-03,1,Afternoon,True,False,497.0,51,2024-01-03 23:39:00,2024-01-03 23:46:00
CUST_94_20240103,Cash Withdrawal,2,2024-01-03 15:39:00,Victoria Island,15,2,Wednesday,2024-01-03,1,Afternoon,True,False,487.0,52,2024-01-03 23:46:00,2024-01-03 23:48:00
CUST_55_20240103,Loan Application,55,2024-01-03 15:51:00,Victoria Island,15,2,Wednesday,2024-01-03,1,Afternoon,True,False,477.0,52,2024-01-03 23:48:00,2024-01-04 00:43:00
CUST_68_20240103,Cash Withdrawal,6,2024-01-03 15:51:00,Victoria Island,15,2,Wednesday,2024-01-03,1,Afternoon,True,False,532.0,53,2024-01-04 00:43:00,2024-01-04 00:49:00
CUST_78_20240103,Cash Withdrawal,5,2024-01-03 15:52:00,Victoria Island,15,2,Wednesday,2024-01-03,1,Afternoon,True,False,537.0,54,2024-01-04 00:49:00,2024-01-04 00:54:00
CUST_55_20240104,Loan Application,41,2024-01-04 08:14:00,Victoria Island,8,3,Thursday,2024-01-04,1,Morning,False,False,0.0,0,2024-01-04 08:14:00,2024-01-04 08:55:00
CUST_92_20240104,Account Opening,23,2024-01-04 08:17:00,Ikeja,8,3,Thursday,2024-01-04,1,Morning,False,False,0.0,0,2024-01-04 08:17:00,2024-01-04 08:40:00
CUST_35_20240104,Cash Withdrawal,3,2024-01-04 08:58:00,Victoria Island,8,3,Thursday,2024-01-04,1,Morning,False,False,0.0,0,2024-01-04 08:58:00,2024-01-04 09:01:00
CUST_25_20240104,Transfer,6,2024-01-04 09:02:00,Victoria Island,9,3,Thursday,2024-01-04,1,Morning,True,False,0.0,0,2024-01-04 09:02:00,2024-01-04 09:08:00
CUST_9_20240104,General Inquiry,3,2024-01-04 09:04:00,Victoria Island,9,3,Thursday,2024-01-04,1,Morning,True,False,4.0,1,2024-01-04 09:08:00,2024-01-04 09:11:00
CUST_96_20240104,Transfer,9,2024-01-04 09:08:00,Ikeja,9,3,Thursday,2024-01-04,1,Morning,True,False,0.0,0,2024-01-04 09:08:00,2024-01-04 09:17:00
CUST_83_20240104,Cash Withdrawal,4,2024-01-04 09:16:00,Ikeja,9,3,Thursday,2024-01-04,1,Morning,True,False,1.0,1,2024-01-04 09:17:00,2024-01-04 09:21:00
CUST_16_20240104,Cash Withdrawal,5,2024-01-04 09:17:00,Victoria Island,9,3,Thursday,2024-01-04,1,Morning,True,False,0.0,0,2024-01-04 09:17:00,2024-01-04 09:22:00
CUST_54_20240104,General Inquiry,1,2024-01-04 09:36:00,Victoria Island,9,3,Thursday,2024-01-04,1,Morning,True,False,0.0,0,2024-01-04 09:36:00,2024-01-04 09:37:00
CUST_85_20240104,Cash Withdrawal,5,2024-01-04 09:51:00,Ikeja,9,3,Thursday,2024-01-04,1,Morning,True,False,0.0,0,2024-01-04 09:51:00,2024-01-04 09:56:00
CUST_36_20240104,Transfer,8,2024-01-04 09:53:00,Victoria Island,9,3,Thursday,2024-01-04,1,Morning,True,False,0.0,0,2024-01-04 09:53:00,2024-01-04 10:01:00
CUST_63_20240104,Cash Withdrawal,8,2024-01-04 09:55:00,Victoria Island,9,3,Thursday,2024-01-04,1,Morning,True,False,6.0,1,2024-01-04 10:01:00,2024-01-04 10:09:00
CUST_17_20240104,Cash Withdrawal,4,2024-01-04 09:59:00,Victoria Island,9,3,Thursday,2024-01-04,1,Morning,True,False,10.0,2,2024-01-04 10:09:00,2024-01-04 10:13:00
CUST_41_20240104,Transfer,10,2024-01-04 10:00:00,Victoria Island,10,3,Thursday,2024-01-04,1,Morning,True,False,13.0,3,2024-01-04 10:13:00,2024-01-04 10:23:00
CUST_32_20240104,Account Opening,41,2024-01-04 10:04:00,Victoria Island,10,3,Thursday,2024-01-04,1,Morning,True,False,19.0,3,2024-01-04 10:23:00,2024-01-04 11:04:00
CUST_71_20240104,General Inquiry,2,2024-01-04 10:04:00,Ikeja,10,3,Thursday,2024-01-04,1,Morning,True,False,0.0,0,2024-01-04 10:04:00,2024-01-04 10:06:00
CUST_20_20240104,Cash Withdrawal,8,2024-01-04 10:12:00,Victoria Island,10,3,Thursday,2024-01-04,1,Morning,True,False,52.0,3,2024-01-04 11:04:00,2024-01-04 11:12:00
CUST_3_20240104,Transfer,5,2024-01-04 10:12:00,Victoria Island,10,3,Thursday,2024-01-04,1,Morning,True,False,60.0,4,2024-01-04 11:12:00,2024-01-04 11:17:00
CUST_12_20240104,Transfer,8,2024-01-04 10:12:00,Victoria Island,10,3,Thursday,2024-01-04,1,Morning,True,False,65.0,5,2024-01-04 11:17:00,2024-01-04 11:25:00
CUST_79_20240104,Account Opening,29,2024-01-04 10:15:00,Ikeja,10,3,Thursday,2024-01-04,1,Morning,True,False,0.0,0,2024-01-04 10:15:00,2024-01-04 10:44:00
CUST_53_20240104,General Inquiry,4,2024-01-04 10:15:00,Victoria Island,10,3,Thursday,2024-01-04,1,Morning,True,False,70.0,5,2024-01-04 11:25:00,2024-01-04 11:29:00
CUST_89_20240104,Cash Withdrawal,8,2024-01-04 10:19:00,Ikeja,10,3,Thursday,2024-01-04,1,Morning,True,False,25.0,1,2024-01-04 10:44:00,2024-01-04 10:52:00
CUST_80_20240104,Account Opening,44,2024-01-04 10:20:00,Ikeja,10,3,Thursday,2024-01-04,1,Morning,True,False,32.0,2,2024-01-04 10:52:00,2024-01-04 11:36:00
CUST_60_20240104,Account Opening,26,2024-01-04 10:23:00,Victoria Island,10,3,Thursday,2024-01-04,1,Morning,True,False,66.0,5,2024-01-04 11:29:00,2024-01-04 11:55:00
CUST_50_20240104,Account Opening,26,2024-01-04 10:23:00,Victoria Island,10,3,Thursday,2024-01-04,1,Morning,True,False,92.0,6,2024-01-04 11:55:00,2024-01-04 12:21:00
CUST_64_20240104,Account Opening,37,2024-01-04 10:24:00,Victoria Island,10,3,Thursday,2024-01-04,1,Morning,True,False,117.0,7,2024-01-04 12:21:00,2024-01-04 12:58:00
CUST_39_20240104,Loan Application,37,2024-01-04 10:27:00,Victoria Island,10,3,Thursday,2024-01-04,1,Morning,True,False,151.0,8,2024-01-04 12:58:00,2024-01-04 13:35:00
CUST_73_20240104,General Inquiry,2,2024-01-04 10:32:00,Ikeja,10,3,Thursday,2024-01-04,1,Morning,True,False,64.0,3,2024-01-04 11:36:00,2024-01-04 11:38:00
CUST_47_20240104,Account Opening,20,2024-01-04 10:39:00,Victoria Island,10,3,Thursday,2024-01-04,1,Morning,True,False,176.0,9,2024-01-04 13:35:00,2024-01-04 13:55:00
CUST_95_20240104,Cash Withdrawal,4,2024-01-04 10:41:00,Ikeja,10,3,Thursday,2024-01-04,1,Morning,True,False,57.0,4,2024-01-04 11:38:00,2024-01-04 11:42:00
CUST_40_20240104,Transfer,6,2024-01-04 10:42:00,Victoria Island,10,3,Thursday,2024-01-04,1,Morning,True,False,193.0,10,2024-01-04 13:55:00,2024-01-04 14:01:00
CUST_14_20240104,Transfer,6,2024-01-04 10:44:00,Victoria Island,10,3,Thursday,2024-01-04,1,Morning,True,False,197.0,11,2024-01-04 14:01:00,2024-01-04 14:07:00
CUST_18_20240104,General Inquiry,2,2024-01-04 10:46:00,Victoria Island,10,3,Thursday,2024-01-04,1,Morning,True,False,201.0,12,2024-01-04 14:07:00,2024-01-04 14:09:00
CUST_34_20240104,Cash Withdrawal,5,2024-01-04 10:54:00,Victoria Island,10,3,Thursday,2024-01-04,1,Morning,True,False,195.0,13,2024-01-04 14:09:00,2024-01-04 14:14:00
CUST_52_20240104,Cash Withdrawal,6,2024-01-04 10:58:00,Victoria Island,10,3,Thursday,2024-01-04,1,Morning,True,False,196.0,14,2024-01-04 14:14:00,2024-01-04 14:20:00
CUST_38_20240104,Cash Withdrawal,5,2024-01-04 11:03:00,Victoria Island,11,3,Thursday,2024-01-04,1,Morning,True,False,197.0,15,2024-01-04 14:20:00,2024-01-04 14:25:00
CUST_22_20240104,Cash Withdrawal,6,2024-01-04 11:03:00,Victoria Island,11,3,Thursday,2024-01-04,1,Morning,True,False,202.0,16,2024-01-04 14:25:00,2024-01-04 14:31:00
CUST_69_20240104,Transfer,8,2024-01-04 11:03:00,Ikeja,11,3,Thursday,2024-01-04,1,Morning,True,False,39.0,3,2024-01-04 11:42:00,2024-01-04 11:50:00
CUST_82_20240104,General Inquiry,5,2024-01-04 11:06:00,Ikeja,11,3,Thursday,2024-01-04,1,Morning,True,False,44.0,4,2024-01-04 11:50:00,2024-01-04 11:55:00
CUST_58_20240104,Transfer,3,2024-01-04 11:10:00,Victoria Island,11,3,Thursday,2024-01-04,1,Morning,True,False,201.0,16,2024-01-04 14:31:00,2024-01-04 14:34:00
CUST_61_20240104,General Inquiry,4,2024-01-04 11:22:00,Victoria Island,11,3,Thursday,2024-01-04,1,Morning,True,False,192.0,15,2024-01-04 14:34:00,2024-01-04 14:38:00
CUST_75_20240104,Transfer,6,2024-01-04 11:24:00,Ikeja,11,3,Thursday,2024-01-04,1,Morning,True,False,31.0,5,2024-01-04 11:55:00,2024-01-04 12:01:00
CUST_48_20240104,Transfer,6,2024-01-04 11:24:00,Victoria Island,11,3,Thursday,2024-01-04,1,Morning,True,False,194.0,16,2024-01-04 14:38:00,2024-01-04 14:44:00
CUST_87_20240104,Transfer,8,2024-01-04 11:28:00,Ikeja,11,3,Thursday,2024-01-04,1,Morning,True,False,33.0,6,2024-01-04 12:01:00,2024-01-04 12:09:00
CUST_94_20240104,Cash Withdrawal,8,2024-01-04 11:29:00,Ikeja,11,3,Thursday,2024-01-04,1,Morning,True,False,40.0,7,2024-01-04 12:09:00,2024-01-04 12:17:00
CUST_51_20240104,Cash Withdrawal,5,2024-01-04 11:32:00,Victoria Island,11,3,Thursday,2024-01-04,1,Morning,True,False,192.0,15,2024-01-04 14:44:00,2024-01-04 14:49:00
CUST_88_20240104,General Inquiry,5,2024-01-04 11:33:00,Ikeja,11,3,Thursday,2024-01-04,1,Morning,True,False,44.0,8,2024-01-04 12:17:00,2024-01-04 12:22:00
CUST_44_20240104,Transfer,6,2024-01-04 11:43:00,Victoria Island,11,3,Thursday,2024-01-04,1,Morning,True,False,186.0,16,2024-01-04 14:49:00,2024-01-04 14:55:00
CUST_24_20240104,Cash Withdrawal,3,2024-01-04 11:46:00,Victoria Island,11,3,Thursday,2024-01-04,1,Morning,True,False,189.0,17,2024-01-04 14:55:00,2024-01-04 14:58:00
CUST_66_20240104,Transfer,5,2024-01-04 11:50:00,Ikeja,11,3,Thursday,2024-01-04,1,Morning,True,False,32.0,5,2024-01-04 12:22:00,2024-01-04 12:27:00
CUST_45_20240104,Account Opening,20,2024-01-04 11:54:00,Victoria Island,11,3,Thursday,2024-01-04,1,Morning,True,False,184.0,18,2024-01-04 14:58:00,2024-01-04 15:18:00
CUST_49_20240104,Account Opening,24,2024-01-04 11:55:00,Victoria Island,11,3,Thursday,2024-01-04,1,Morning,True,False,203.0,18,2024-01-04 15:18:00,2024-01-04 15:42:00
CUST_78_20240104,Cash Withdrawal,8,2024-01-04 11:58:00,Ikeja,11,3,Thursday,2024-01-04,1,Morning,True,False,29.0,5,2024-01-04 12:27:00,2024-01-04 12:35:00
CUST_29_20240104,Cash Withdrawal,6,2024-01-04 11:59:00,Victoria Island,11,3,Thursday,2024-01-04,1,Morning,True,False,223.0,19,2024-01-04 15:42:00,2024-01-04 15:48:00
CUST_76_20240104,Cash Withdrawal,8,2024-01-04 11:59:00,Ikeja,11,3,Thursday,2024-01-04,1,Morning,True,False,36.0,6,2024-01-04 12:35:00,2024-01-04 12:43:00
CUST_68_20240104,Cash Withdrawal,7,2024-01-04 12:02:00,Ikeja,12,3,Thursday,2024-01-04,1,Afternoon,False,False,41.0,6,2024-01-04 12:43:00,2024-01-04 12:50:00
CUST_8_20240104,Transfer,4,2024-01-04 12:17:00,Victoria Island,12,3,Thursday,2024-01-04,1,Afternoon,False,False,211.0,20,2024-01-04 15:48:00,2024-01-04 15:52:00
CUST_1_20240104,Transfer,5,2024-01-04 12:27:00,Victoria Island,12,3,Thursday,2024-01-04,1,Afternoon,False,False,205.0,20,2024-01-04 15:52:00,2024-01-04 15:57:00
CUST_7_20240104,Cash Withdrawal,2,2024-01-04 12:27:00,Victoria Island,12,3,Thursday,2024-01-04,1,Afternoon,False,False,210.0,21,2024-01-04 15:57:00,2024-01-04 15:59:00
CUST_59_20240104,Loan Application,25,2024-01-04 12:33:00,Victoria Island,12,3,Thursday,2024-01-04,1,Afternoon,False,False,206.0,22,2024-01-04 15:59:00,2024-01-04 16:24:00
CUST_27_20240104,Account Opening,23,2024-01-04 12:34:00,Victoria Island,12,3,Thursday,2024-01-04,1,Afternoon,False,False,230.0,23,2024-01-04 16:24:00,2024-01-04 16:47:00
CUST_33_20240104,Cash Withdrawal,3,2024-01-04 12:39:00,Victoria Island,12,3,Thursday,2024-01-04,1,Afternoon,False,False,248.0,24,2024-01-04 16:47:00,2024-01-04 16:50:00
CUST_84_20240104,General Inquiry,1,2024-01-04 12:45:00,Ikeja,12,3,Thursday,2024-01-04,1,Afternoon,False,False,5.0,1,2024-01-04 12:50:00,2024-01-04 12:51:00
CUST_2_20240104,Loan Application,41,2024-01-04 12:49:00,Victoria Island,12,3,Thursday,2024-01-04,1,Afternoon,False,False,241.0,25,2024-01-04 16:50:00,2024-01-04 17:31:00
CUST_21_20240104,Cash Withdrawal,2,2024-01-04 13:03:00,Victoria Island,13,3,Thursday,2024-01-04,1,Afternoon,True,False,268.0,25,2024-01-04 17:31:00,2024-01-04 17:33:00
CUST_90_20240104,Transfer,10,2024-01-04 13:05:00,Ikeja,13,3,Thursday,2024-01-04,1,Afternoon,True,False,0.0,0,2024-01-04 13:05:00,2024-01-04 13:15:00
CUST_70_20240104,Cash Withdrawal,8,2024-01-04 13:05:00,Ikeja,13,3,Thursday,2024-01-04,1,Afternoon,True,False,10.0,1,2024-01-04 13:15:00,2024-01-04 13:23:00
CUST_19_20240104,General Inquiry,3,2024-01-04 13:08:00,Victoria Island,13,3,Thursday,2024-01-04,1,Afternoon,True,False,265.0,26,2024-01-04 17:33:00,2024-01-04 17:36:00
CUST_37_20240104,Transfer,9,2024-01-04 13:14:00,Victoria Island,13,3,Thursday,2024-01-04,1,Afternoon,True,False,262.0,27,2024-01-04 17:36:00,2024-01-04 17:45:00
CUST_23_20240104,Cash Withdrawal,2,2024-01-04 13:15:00,Victoria Island,13,3,Thursday,2024-01-04,1,Afternoon,True,False,270.0,28,2024-01-04 17:45:00,2024-01-04 17:47:00
CUST_81_20240104,Cash Withdrawal,8,2024-01-04 13:17:00,Ikeja,13,3,Thursday,2024-01-04,1,Afternoon,True,False,6.0,1,2024-01-04 13:23:00,2024-01-04 13:31:00
CUST_4_20240104,General Inquiry,3,2024-01-04 13:26:00,Victoria Island,13,3,Thursday,2024-01-04,1,Afternoon,True,False,261.0,29,2024-01-04 17:47:00,2024-01-04 17:50:00
CUST_74_20240104,Loan Application,41,2024-01-04 13:28:00,Ikeja,13,3,Thursday,2024-01-04,1,Afternoon,True,False,3.0,1,2024-01-04 13:31:00,2024-01-04 14:12:00
CUST_10_20240104,Cash Withdrawal,5,2024-01-04 13:29:00,Victoria Island,13,3,Thursday,2024-01-04,1,Afternoon,True,False,261.0,30,2024-01-04 17:50:00,2024-01-04 17:55:00
CUST_26_20240104,General Inquiry,2,2024-01-04 13:30:00,Victoria Island,13,3,Thursday,2024-01-04,1,Afternoon,True,False,265.0,31,2024-01-04 17:55:00,2024-01-04 17:57:00
CUST_46_20240104,Transfer,8,2024-01-04 13:33:00,Victoria Island,13,3,Thursday,2024-01-04,1,Afternoon,True,False,264.0,32,2024-01-04 17:57:00,2024-01-04 18:05:00
CUST_67_20240104,Cash Withdrawal,4,2024-01-04 13:39:00,Ikeja,13,3,Thursday,2024-01-04,1,Afternoon,True,False,33.0,1,2024-01-04 14:12:00,2024-01-04 14:16:00
CUST_31_20240104,Transfer,3,2024-01-04 13:44:00,Victoria Island,13,3,Thursday,2024-01-04,1,Afternoon,True,False,261.0,32,2024-01-04 18:05:00,2024-01-04 18:08:00
CUST_6_20240104,Cash Withdrawal,5,2024-01-04 13:58:00,Victoria Island,13,3,Thursday,2024-01-04,1,Afternoon,True,False,250.0,32,2024-01-04 18:08:00,2024-01-04 18:13:00
CUST_62_20240104,General Inquiry,2,2024-01-04 14:04:00,Victoria Island,14,3,Thursday,2024-01-04,1,Afternoon,True,False,249.0,32,2024-01-04 18:13:00,2024-01-04 18:15:00
CUST_5_20240104,Cash Withdrawal,8,2024-01-04 14:09:00,Victoria Island,14,3,Thursday,2024-01-04,1,Afternoon,True,False,246.0,31,2024-01-04 18:15:00,2024-01-04 18:23:00
CUST_72_20240104,General Inquiry,2,2024-01-04 14:17:00,Ikeja,14,3,Thursday,2024-01-04,1,Afternoon,True,False,0.0,0,2024-01-04 14:17:00,2024-01-04 14:19:00
CUST_30_20240104,Account Opening,40,2024-01-04 14:23:00,Victoria Island,14,3,Thursday,2024-01-04,1,Afternoon,True,False,240.0,30,2024-01-04 18:23:00,2024-01-04 19:03:00
CUST_91_20240104,General Inquiry,3,2024-01-04 14:30:00,Ikeja,14,3,Thursday,2024-01-04,1,Afternoon,True,False,0.0,0,2024-01-04 14:30:00,2024-01-04 14:33:00
CUST_65_20240104,Loan Application,50,2024-01-04 14:37:00,Victoria Island,14,3,Thursday,2024-01-04,1,Afternoon,True,False,266.0,28,2024-01-04 19:03:00,2024-01-04 19:53:00
CUST_57_20240104,General Inquiry,5,2024-01-04 14:37:00,Victoria Island,14,3,Thursday,2024-01-04,1,Afternoon,True,False,316.0,29,2024-01-04 19:53:00,2024-01-04 19:58:00
CUST_11_20240104,Cash Withdrawal,4,2024-01-04 14:51:00,Victoria Island,14,3,Thursday,2024-01-04,1,Afternoon,True,False,307.0,27,2024-01-04 19:58:00,2024-01-04 20:02:00
CUST_93_20240104,Transfer,4,2024-01-04 15:05:00,Ikeja,15,3,Thursday,2024-01-04,1,Afternoon,True,False,0.0,0,2024-01-04 15:05:00,2024-01-04 15:09:00
CUST_15_20240104,Cash Withdrawal,7,2024-01-04 15:11:00,Victoria Island,15,3,Thursday,2024-01-04,1,Afternoon,True,False,291.0,26,2024-01-04 20:02:00,2024-01-04 20:09:00
CUST_28_20240104,Cash Withdrawal,7,2024-01-04 15:13:00,Victoria Island,15,3,Thursday,2024-01-04,1,Afternoon,True,False,296.0,27,2024-01-04 20:09:00,2024-01-04 20:16:00
CUST_43_20240104,Cash Withdrawal,3,2024-01-04 15:20:00,Victoria Island,15,3,Thursday,2024-01-04,1,Afternoon,True,False,296.0,27,2024-01-04 20:16:00,2024-01-04 20:19:00
CUST_13_20240104,Cash Withdrawal,6,2024-01-04 15:40:00,Victoria Island,15,3,Thursday,2024-01-04,1,Afternoon,True,False,279.0,28,2024-01-04 20:19:00,2024-01-04 20:25:00
CUST_56_20240104,Account Opening,15,2024-01-04 15:43:00,Victoria Island,15,3,Thursday,2024-01-04,1,Afternoon,True,False,282.0,28,2024-01-04 20:25:00,2024-01-04 20:40:00
CUST_42_20240104,Account Opening,26,2024-01-04 15:44:00,Victoria Island,15,3,Thursday,2024-01-04,1,Afternoon,True,False,296.0,29,2024-01-04 20:40:00,2024-01-04 21:06:00
CUST_86_20240104,Transfer,6,2024-01-04 15:56:00,Ikeja,15,3,Thursday,2024-01-04,1,Afternoon,True,False,0.0,0,2024-01-04 15:56:00,2024-01-04 16:02:00
CUST_77_20240104,Transfer,9,2024-01-04 15:58:00,Ikeja,15,3,Thursday,2024-01-04,1,Afternoon,True,False,4.0,1,2024-01-04 16:02:00,2024-01-04 16:11:00
CUST_10_20240105,General Inquiry,4,2024-01-05 08:17:00,Victoria Island,8,4,Friday,2024-01-05,1,Morning,False,True,0.0,0,2024-01-05 08:17:00,2024-01-05 08:21:00
CUST_106_20240105,Cash Withdrawal,7,2024-01-05 08:18:00,Ikeja,8,4,Friday,2024-01-05,1,Morning,False,True,0.0,0,2024-01-05 08:18:00,2024-01-05 08:25:00
CUST_87_20240105,Transfer,7,2024-01-05 08:28:00,Victoria Island,8,4,Friday,2024-01-05,1,Morning,False,True,0.0,0,2024-01-05 08:28:00,2024-01-05 08:35:00
CUST_95_20240105,Loan Application,50,2024-01-05 08:52:00,Victoria Island,8,4,Friday,2024-01-05,1,Morning,False,True,0.0,0,2024-01-05 08:52:00,2024-01-05 09:42:00
CUST_102_20240105,General Inquiry,4,2024-01-05 08:57:00,Victoria Island,8,4,Friday,2024-01-05,1,Morning,False,True,45.0,1,2024-01-05 09:42:00,2024-01-05 09:46:00
CUST_110_20240105,Transfer,4,2024-01-05 08:58:00,Ikeja,8,4,Friday,2024-01-05,1,Morning,False,True,0.0,0,2024-01-05 08:58:00,2024-01-05 09:02:00
CUST_81_20240105,General Inquiry,1,2024-01-05 09:02:00,Victoria Island,9,4,Friday,2024-01-05,1,Morning,True,True,44.0,2,2024-01-05 09:46:00,2024-01-05 09:47:00
CUST_40_20240105,Cash Withdrawal,7,2024-01-05 09:06:00,Victoria Island,9,4,Friday,2024-01-05,1,Morning,True,True,41.0,3,2024-01-05 09:47:00,2024-01-05 09:54:00
CUST_61_20240105,Cash Withdrawal,7,2024-01-05 09:17:00,Victoria Island,9,4,Friday,2024-01-05,1,Morning,True,True,37.0,4,2024-01-05 09:54:00,2024-01-05 10:01:00
CUST_67_20240105,Cash Withdrawal,8,2024-01-05 09:17:00,Victoria Island,9,4,Friday,2024-01-05,1,Morning,True,True,44.0,5,2024-01-05 10:01:00,2024-01-05 10:09:00
CUST_93_20240105,General Inquiry,1,2024-01-05 09:18:00,Victoria Island,9,4,Friday,2024-01-05,1,Morning,True,True,51.0,6,2024-01-05 10:09:00,2024-01-05 10:10:00
CUST_64_20240105,Transfer,5,2024-01-05 09:23:00,Victoria Island,9,4,Friday,2024-01-05,1,Morning,True,True,47.0,7,2024-01-05 10:10:00,2024-01-05 10:15:00
CUST_84_20240105,Cash Withdrawal,8,2024-01-05 09:25:00,Victoria Island,9,4,Friday,2024-01-05,1,Morning,True,True,50.0,8,2024-01-05 10:15:00,2024-01-05 10:23:00
CUST_85_20240105,Loan Application,39,2024-01-05 09:30:00,Victoria Island,9,4,Friday,2024-01-05,1,Morning,True,True,53.0,9,2024-01-05 10:23:00,2024-01-05 11:02:00
CUST_17_20240105,Account Opening,28,2024-01-05 09:32:00,Victoria Island,9,4,Friday,2024-01-05,1,Morning,True,True,90.0,10,2024-01-05 11:02:00,2024-01-05 11:30:00
CUST_71_20240105,Cash Withdrawal,7,2024-01-05 09:35:00,Victoria Island,9,4,Friday,2024-01-05,1,Morning,True,True,115.0,11,2024-01-05 11:30:00,2024-01-05 11:37:00
CUST_42_20240105,Transfer,6,2024-01-05 09:38:00,Victoria Island,9,4,Friday,2024-01-05,1,Morning,True,True,119.0,12,2024-01-05 11:37:00,2024-01-05 11:43:00
CUST_49_20240105,Transfer,5,2024-01-05 09:41:00,Victoria Island,9,4,Friday,2024-01-05,1,Morning,True,True,122.0,13,2024-01-05 11:43:00,2024-01-05 11:48:00
CUST_94_20240105,Transfer,8,2024-01-05 09:41:00,Victoria Island,9,4,Friday,2024-01-05,1,Morning,True,True,127.0,14,2024-01-05 11:48:00,2024-01-05 11:56:00
CUST_45_20240105,Cash Withdrawal,7,2024-01-05 09:51:00,Victoria Island,9,4,Friday,2024-01-05,1,Morning,True,True,125.0,12,2024-01-05 11:56:00,2024-01-05 12:03:00
CUST_73_20240105,Account Opening,44,2024-01-05 09:51:00,Victoria Island,9,4,Friday,2024-01-05,1,Morning,True,True,132.0,13,2024-01-05 12:03:00,2024-01-05 12:47:00
CUST_75_20240105,Transfer,4,2024-01-05 09:58:00,Victoria Island,9,4,Friday,2024-01-05,1,Morning,True,True,169.0,13,2024-01-05 12:47:00,2024-01-05 12:51:00
CUST_56_20240105,General Inquiry,3,2024-01-05 10:03:00,Victoria Island,10,4,Friday,2024-01-05,1,Morning,True,True,168.0,13,2024-01-05 12:51:00,2024-01-05 12:54:00
CUST_54_20240105,Transfer,10,2024-01-05 10:07:00,Victoria Island,10,4,Friday,2024-01-05,1,Morning,True,True,167.0,14,2024-01-05 12:54:00,2024-01-05 13:04:00
CUST_30_20240105,Transfer,4,2024-01-05 10:08:00,Victoria Island,10,4,Friday,2024-01-05,1,Morning,True,True,176.0,15,2024-01-05 13:04:00,2024-01-05 13:08:00
CUST_66_20240105,Cash Withdrawal,7,2024-01-05 10:09:00,Victoria Island,10,4,Friday,2024-01-05,1,Morning,True,True,179.0,15,2024-01-05 13:08:00,2024-01-05 13:15:00
CUST_46_20240105,Cash Withdrawal,7,2024-01-05 10:14:00,Victoria Island,10,4,Friday,2024-01-05,1,Morning,True,True,181.0,15,2024-01-05 13:15:00,2024-01-05 13:22:00
CUST_48_20240105,General Inquiry,5,2024-01-05 10:15:00,Victoria Island,10,4,Friday,2024-01-05,1,Morning,True,True,187.0,15,2024-01-05 13:22:00,2024-01-05 13:27:00
CUST_5_20240105,General Inquiry,4,2024-01-05 10:15:00,Victoria Island,10,4,Friday,2024-01-05,1,Morning,True,True,192.0,16,2024-01-05 13:27:00,2024-01-05 13:31:00
CUST_14_20240105,Loan Application,32,2024-01-05 10:24:00,Victoria Island,10,4,Friday,2024-01-05,1,Morning,True,True,187.0,16,2024-01-05 13:31:00,2024-01-05 14:03:00
CUST_107_20240105,Cash Withdrawal,6,2024-01-05 10:25:00,Ikeja,10,4,Friday,2024-01-05,1,Morning,True,True,0.0,0,2024-01-05 10:25:00,2024-01-05 10:31:00
CUST_51_20240105,Cash Withdrawal,2,2024-01-05 10:33:00,Victoria Island,10,4,Friday,2024-01-05,1,Morning,True,True,210.0,17,2024-01-05 14:03:00,2024-01-05 14:05:00
CUST_69_20240105,Cash Withdrawal,4,2024-01-05 10:33:00,Victoria Island,10,4,Friday,2024-01-05,1,Morning,True,True,212.0,18,2024-01-05 14:05:00,2024-01-05 14:09:00
CUST_90_20240105,Cash Withdrawal,6,2024-01-05 10:34:00,Victoria Island,10,4,Friday,2024-01-05,1,Morning,True,True,215.0,19,2024-01-05 14:09:00,2024-01-05 14:15:00
CUST_72_20240105,Cash Withdrawal,8,2024-01-05 10:35:00,Victoria Island,10,4,Friday,2024-01-05,1,Morning,True,True,220.0,20,2024-01-05 14:15:00,2024-01-05 14:23:00
CUST_96_20240105,General Inquiry,5,2024-01-05 10:35:00,Victoria Island,10,4,Friday,2024-01-05,1,Morning,True,True,228.0,21,2024-01-05 14:23:00,2024-01-05 14:28:00
CUST_15_20240105,Transfer,3,2024-01-05 10:39:00,Victoria Island,10,4,Friday,2024-01-05,1,Morning,True,True,229.0,22,2024-01-05 14:28:00,2024-01-05 14:31:00
CUST_43_20240105,Account Opening,40,2024-01-05 10:42:00,Victoria Island,10,4,Friday,2024-01-05,1,Morning,True,True,229.0,23,2024-01-05 14:31:00,2024-01-05 15:11:00
CUST_8_20240105,Account Opening,31,2024-01-05 10:42:00,Victoria Island,10,4,Friday,2024-01-05,1,Morning,True,True,269.0,24,2024-01-05 15:11:00,2024-01-05 15:42:00
CUST_92_20240105,Cash Withdrawal,8,2024-01-05 10:48:00,Victoria Island,10,4,Friday,2024-01-05,1,Morning,True,True,294.0,25,2024-01-05 15:42:00,2024-01-05 15:50:00
CUST_80_20240105,Transfer,10,2024-01-05 10:49:00,Victoria Island,10,4,Friday,2024-01-05,1,Morning,True,True,301.0,26,2024-01-05 15:50:00,2024-01-05 16:00:00
CUST_24_20240105,Cash Withdrawal,5,2024-01-05 10:51:00,Victoria Island,10,4,Friday,2024-01-05,1,Morning,True,True,309.0,27,2024-01-05 16:00:00,2024-01-05 16:05:00
CUST_53_20240105,General Inquiry,2,2024-01-05 10:53:00,Victoria Island,10,4,Friday,2024-01-05,1,Morning,True,True,312.0,28,2024-01-05 16:05:00,2024-01-05 16:07:00
CUST_20_20240105,Transfer,6,2024-01-05 10:54:00,Victoria Island,10,4,Friday,2024-01-05,1,Morning,True,True,313.0,29,2024-01-05 16:07:00,2024-01-05 16:13:00
CUST_34_20240105,Transfer,8,2024-01-05 10:55:00,Victoria Island,10,4,Friday,2024-01-05,1,Morning,True,True,318.0,30,2024-01-05 16:13:00,2024-01-05 16:21:00
CUST_2_20240105,Account Opening,15,2024-01-05 10:57:00,Victoria Island,10,4,Friday,2024-01-05,1,Morning,True,True,324.0,31,2024-01-05 16:21:00,2024-01-05 16:36:00
CUST_47_20240105,Cash Withdrawal,7,2024-01-05 11:06:00,Victoria Island,11,4,Friday,2024-01-05,1,Morning,True,True,330.0,31,2024-01-05 16:36:00,2024-01-05 16:43:00
CUST_3_20240105,Transfer,4,2024-01-05 11:07:00,Victoria Island,11,4,Friday,2024-01-05,1,Morning,True,True,336.0,32,2024-01-05 16:43:00,2024-01-05 16:47:00
CUST_22_20240105,Cash Withdrawal,8,2024-01-05 11:07:00,Victoria Island,11,4,Friday,2024-01-05,1,Morning,True,True,340.0,33,2024-01-05 16:47:00,2024-01-05 16:55:00
CUST_78_20240105,Transfer,8,2024-01-05 11:11:00,Victoria Island,11,4,Friday,2024-01-05,1,Morning,True,True,344.0,34,2024-01-05 16:55:00,2024-01-05 17:03:00
CUST_108_20240105,Transfer,5,2024-01-05 11:13:00,Ikeja,11,4,Friday,2024-01-05,1,Morning,True,True,0.0,0,2024-01-05 11:13:00,2024-01-05 11:18:00
CUST_50_20240105,Transfer,3,2024-01-05 11:14:00,Victoria Island,11,4,Friday,2024-01-05,1,Morning,True,True,349.0,35,2024-01-05 17:03:00,2024-01-05 17:06:00
CUST_29_20240105,General Inquiry,2,2024-01-05 11:15:00,Victoria Island,11,4,Friday,2024-01-05,1,Morning,True,True,351.0,36,2024-01-05 17:06:00,2024-01-05 17:08:00
CUST_19_20240105,Cash Withdrawal,5,2024-01-05 11:18:00,Victoria Island,11,4,Friday,2024-01-05,1,Morning,True,True,350.0,37,2024-01-05 17:08:00,2024-01-05 17:13:00
CUST_9_20240105,Account Opening,25,2024-01-05 11:27:00,Victoria Island,11,4,Friday,2024-01-05,1,Morning,True,True,346.0,38,2024-01-05 17:13:00,2024-01-05 17:38:00
CUST_74_20240105,Cash Withdrawal,4,2024-01-05 11:29:00,Victoria Island,11,4,Friday,2024-01-05,1,Morning,True,True,369.0,39,2024-01-05 17:38:00,2024-01-05 17:42:00
CUST_18_20240105,Transfer,6,2024-01-05 11:43:00,Victoria Island,11,4,Friday,2024-01-05,1,Morning,True,True,359.0,37,2024-01-05 17:42:00,2024-01-05 17:48:00
CUST_39_20240105,Transfer,3,2024-01-05 11:44:00,Victoria Island,11,4,Friday,2024-01-05,1,Morning,True,True,364.0,38,2024-01-05 17:48:00,2024-01-05 17:51:00
CUST_76_20240105,General Inquiry,2,2024-01-05 11:46:00,Victoria Island,11,4,Friday,2024-01-05,1,Morning,True,True,365.0,39,2024-01-05 17:51:00,2024-01-05 17:53:00
CUST_38_20240105,Transfer,8,2024-01-05 11:47:00,Victoria Island,11,4,Friday,2024-01-05,1,Morning,True,True,366.0,40,2024-01-05 17:53:00,2024-01-05 18:01:00
CUST_52_20240105,Account Opening,22,2024-01-05 11:51:00,Victoria Island,11,4,Friday,2024-01-05,1,Morning,True,True,370.0,40,2024-01-05 18:01:00,2024-01-05 18:23:00
CUST_21_20240105,Cash Withdrawal,2,2024-01-05 12:04:00,Victoria Island,12,4,Friday,2024-01-05,1,Afternoon,False,True,379.0,39,2024-01-05 18:23:00,2024-01-05 18:25:00
CUST_58_20240105,Transfer,8,2024-01-05 12:04:00,Victoria Island,12,4,Friday,2024-01-05,1,Afternoon,False,True,381.0,40,2024-01-05 18:25:00,2024-01-05 18:33:00
CUST_79_20240105,Cash Withdrawal,5,2024-01-05 12:05:00,Victoria Island,12,4,Friday,2024-01-05,1,Afternoon,False,True,388.0,41,2024-01-05 18:33:00,2024-01-05 18:38:00
CUST_109_20240105,Account Opening,40,2024-01-05 12:06:00,Ikeja,12,4,Friday,2024-01-05,1,Afternoon,False,True,0.0,0,2024-01-05 12:06:00,2024-01-05 12:46:00
CUST_59_20240105,Cash Withdrawal,7,2024-01-05 12:09:00,Victoria Island,12,4,Friday,2024-01-05,1,Afternoon,False,True,389.0,42,2024-01-05 18:38:00,2024-01-05 18:45:00
CUST_86_20240105,General Inquiry,2,2024-01-05 12:17:00,Victoria Island,12,4,Friday,2024-01-05,1,Afternoon,False,True,388.0,43,2024-01-05 18:45:00,2024-01-05 18:47:00
CUST_57_20240105,Cash Withdrawal,8,2024-01-05 12:18:00,Victoria Island,12,4,Friday,2024-01-05,1,Afternoon,False,True,389.0,44,2024-01-05 18:47:00,2024-01-05 18:55:00
CUST_97_20240105,General Inquiry,5,2024-01-05 12:18:00,Victoria Island,12,4,Friday,2024-01-05,1,Afternoon,False,True,397.0,45,2024-01-05 18:55:00,2024-01-05 19:00:00
CUST_63_20240105,General Inquiry,4,2024-01-05 12:20:00,Victoria Island,12,4,Friday,2024-01-05,1,Afternoon,False,True,400.0,46,2024-01-05 19:00:00,2024-01-05 19:04:00
CUST_23_20240105,Cash Withdrawal,7,2024-01-05 12:30:00,Victoria Island,12,4,Friday,2024-01-05,1,Afternoon,False,True,394.0,47,2024-01-05 19:04:00,2024-01-05 19:11:00
CUST_6_20240105,Cash Withdrawal,6,2024-01-05 12:56:00,Victoria Island,12,4,Friday,2024-01-05,1,Afternoon,False,True,375.0,45,2024-01-05 19:11:00,2024-01-05 19:17:00
CUST_16_20240105,Account Opening,38,2024-01-05 12:57:00,Victoria Island,12,4,Friday,2024-01-05,1,Afternoon,False,True,380.0,46,2024-01-05 19:17:00,2024-01-05 19:55:00
CUST_32_20240105,Cash Withdrawal,6,2024-01-05 12:58:00,Victoria Island,12,4,Friday,2024-01-05,1,Afternoon,False,True,417.0,47,2024-01-05 19:55:00,2024-01-05 20:01:00
CUST_4_20240105,Transfer,6,2024-01-05 13:02:00,Victoria Island,13,4,Friday,2024-01-05,1,Afternoon,True,True,419.0,48,2024-01-05 20:01:00,2024-01-05 20:07:00
CUST_111_20240105,Transfer,8,2024-01-05 13:03:00,Ikeja,13,4,Friday,2024-01-05,1,Afternoon,True,True,0.0,0,2024-01-05 13:03:00,2024-01-05 13:11:00
CUST_13_20240105,Cash Withdrawal,4,2024-01-05 13:04:00,Victoria Island,13,4,Friday,2024-01-05,1,Afternoon,True,True,423.0,48,2024-01-05 20:07:00,2024-01-05 20:11:00
CUST_91_20240105,Cash Withdrawal,7,2024-01-05 13:08:00,Victoria Island,13,4,Friday,2024-01-05,1,Afternoon,True,True,423.0,48,2024-01-05 20:11:00,2024-01-05 20:18:00
CUST_35_20240105,Account Opening,43,2024-01-05 13:13:00,Victoria Island,13,4,Friday,2024-01-05,1,Afternoon,True,True,425.0,49,2024-01-05 20:18:00,2024-01-05 21:01:00
CUST_41_20240105,Cash Withdrawal,4,2024-01-05 13:21:00,Victoria Island,13,4,Friday,2024-01-05,1,Afternoon,True,True,460.0,49,2024-01-05 21:01:00,2024-01-05 21:05:00
CUST_62_20240105,Cash Withdrawal,8,2024-01-05 13:21:00,Victoria Island,13,4,Friday,2024-01-05,1,Afternoon,True,True,464.0,50,2024-01-05 21:05:00,2024-01-05 21:13:00
CUST_1_20240105,Cash Withdrawal,4,2024-01-05 13:26:00,Victoria Island,13,4,Friday,2024-01-05,1,Afternoon,True,True,467.0,50,2024-01-05 21:13:00,2024-01-05 21:17:00
CUST_88_20240105,Transfer,3,2024-01-05 13:28:00,Victoria Island,13,4,Friday,2024-01-05,1,Afternoon,True,True,469.0,50,2024-01-05 21:17:00,2024-01-05 21:20:00
CUST_100_20240105,Cash Withdrawal,7,2024-01-05 13:29:00,Victoria Island,13,4,Friday,2024-01-05,1,Afternoon,True,True,471.0,51,2024-01-05 21:20:00,2024-01-05 21:27:00
CUST_26_20240105,Transfer,6,2024-01-05 13:32:00,Victoria Island,13,4,Friday,2024-01-05,1,Afternoon,True,True,475.0,51,2024-01-05 21:27:00,2024-01-05 21:33:00
CUST_99_20240105,Cash Withdrawal,5,2024-01-05 13:35:00,Victoria Island,13,4,Friday,2024-01-05,1,Afternoon,True,True,478.0,52,2024-01-05 21:33:00,2024-01-05 21:38:00
CUST_44_20240105,Transfer,5,2024-01-05 13:40:00,Victoria Island,13,4,Friday,2024-01-05,1,Afternoon,True,True,478.0,53,2024-01-05 21:38:00,2024-01-05 21:43:00
CUST_55_20240105,Cash Withdrawal,8,2024-01-05 13:45:00,Victoria Island,13,4,Friday,2024-01-05,1,Afternoon,True,True,478.0,54,2024-01-05 21:43:00,2024-01-05 21:51:00
CUST_68_20240105,Cash Withdrawal,6,2024-01-05 13:46:00,Victoria Island,13,4,Friday,2024-01-05,1,Afternoon,True,True,485.0,55,2024-01-05 21:51:00,2024-01-05 21:57:00
CUST_77_20240105,Loan Application,24,2024-01-05 13:47:00,Victoria Island,13,4,Friday,2024-01-05,1,Afternoon,True,True,490.0,56,2024-01-05 21:57:00,2024-01-05 22:21:00
CUST_11_20240105,Cash Withdrawal,8,2024-01-05 14:21:00,Victoria Island,14,4,Friday,2024-01-05,1,Afternoon,True,True,480.0,53,2024-01-05 22:21:00,2024-01-05 22:29:00
CUST_105_20240105,Account Opening,35,2024-01-05 14:22:00,Ikeja,14,4,Friday,2024-01-05,1,Afternoon,True,True,0.0,0,2024-01-05 14:22:00,2024-01-05 14:57:00
CUST_31_20240105,General Inquiry,4,2024-01-05 14:24:00,Victoria Island,14,4,Friday,2024-01-05,1,Afternoon,True,True,485.0,53,2024-01-05 22:29:00,2024-01-05 22:33:00
CUST_103_20240105,Cash Withdrawal,4,2024-01-05 14:25:00,Ikeja,14,4,Friday,2024-01-05,1,Afternoon,True,True,32.0,1,2024-01-05 14:57:00,2024-01-05 15:01:00
CUST_33_20240105,General Inquiry,3,2024-01-05 14:27:00,Victoria Island,14,4,Friday,2024-01-05,1,Afternoon,True,True,486.0,54,2024-01-05 22:33:00,2024-01-05 22:36:00
CUST_37_20240105,Cash Withdrawal,8,2024-01-05 14:30:00,Victoria Island,14,4,Friday,2024-01-05,1,Afternoon,True,True,486.0,54,2024-01-05 22:36:00,2024-01-05 22:44:00
CUST_36_20240105,Cash Withdrawal,8,2024-01-05 14:44:00,Victoria Island,14,4,Friday,2024-01-05,1,Afternoon,True,True,480.0,54,2024-01-05 22:44:00,2024-01-05 22:52:00
CUST_101_20240105,Cash Withdrawal,6,2024-01-05 14:45:00,Victoria Island,14,4,Friday,2024-01-05,1,Afternoon,True,True,487.0,55,2024-01-05 22:52:00,2024-01-05 22:58:00
CUST_25_20240105,Cash Withdrawal,5,2024-01-05 14:46:00,Victoria Island,14,4,Friday,2024-01-05,1,Afternoon,True,True,492.0,56,2024-01-05 22:58:00,2024-01-05 23:03:00
CUST_65_20240105,Cash Withdrawal,2,2024-01-05 14:49:00,Victoria Island,14,4,Friday,2024-01-05,1,Afternoon,True,True,494.0,57,2024-01-05 23:03:00,2024-01-05 23:05:00
CUST_83_20240105,Cash Withdrawal,4,2024-01-05 14:56:00,Victoria Island,14,4,Friday,2024-01-05,1,Afternoon,True,True,489.0,58,2024-01-05 23:05:00,2024-01-05 23:09:00
CUST_7_20240105,Transfer,8,2024-01-05 14:56:00,Victoria Island,14,4,Friday,2024-01-05,1,Afternoon,True,True,493.0,59,2024-01-05 23:09:00,2024-01-05 23:17:00
CUST_60_20240105,Transfer,6,2024-01-05 14:59:00,Victoria Island,14,4,Friday,2024-01-05,1,Afternoon,True,True,498.0,60,2024-01-05 23:17:00,2024-01-05 23:23:00
CUST_70_20240105,Cash Withdrawal,2,2024-01-05 15:00:00,Victoria Island,15,4,Friday,2024-01-05,1,Afternoon,True,True,503.0,61,2024-01-05 23:23:00,2024-01-05 23:25:00
CUST_82_20240105,Cash Withdrawal,8,2024-01-05 15:10:00,Victoria Island,15,4,Friday,2024-01-05,1,Afternoon,True,True,495.0,62,2024-01-05 23:25:00,2024-01-05 23:33:00
CUST_89_20240105,Loan Application,50,2024-01-05 15:23:00,Victoria Island,15,4,Friday,2024-01-05,1,Afternoon,True,True,490.0,62,2024-01-05 23:33:00,2024-01-06 00:23:00
CUST_104_20240105,Transfer,9,2024-01-05 15:28:00,Ikeja,15,4,Friday,2024-01-05,1,Afternoon,True,True,0.0,0,2024-01-05 15:28:00,2024-01-05 15:37:00
CUST_12_20240105,Cash Withdrawal,2,2024-01-05 15:40:00,Victoria Island,15,4,Friday,2024-01-05,1,Afternoon,True,True,523.0,63,2024-01-06 00:23:00,2024-01-06 00:25:00
CUST_28_20240105,Cash Withdrawal,2,2024-01-05 15:41:00,Victoria Island,15,4,Friday,2024-01-05,1,Afternoon,True,True,524.0,64,2024-01-06 00:25:00,2024-01-06 00:27:00
CUST_27_20240105,Transfer,3,2024-01-05 15:47:00,Victoria Island,15,4,Friday,2024-01-05,1,Afternoon,True,True,520.0,64,2024-01-06 00:27:00,2024-01-06 00:30:00
CUST_98_20240105,General Inquiry,1,2024-01-05 15:50:00,Victoria Island,15,4,Friday,2024-01-05,1,Afternoon,True,True,520.0,64,2024-01-06 00:30:00,2024-01-06 00:31:00
